[0m10:37:54.849829 [debug] [MainThread]: Sending event: {'category': 'dbt', 'action': 'invocation', 'label': 'start', 'context': [<snowplow_tracker.self_describing_json.SelfDescribingJson object at 0x105d17490>, <snowplow_tracker.self_describing_json.SelfDescribingJson object at 0x105d1cd50>, <snowplow_tracker.self_describing_json.SelfDescribingJson object at 0x105d32250>]}


============================== 10:37:54.853155 | 81cd7b54-40f3-4fe1-ac74-a8bb5bedee30 ==============================
[0m10:37:54.853155 [info ] [MainThread]: Running with dbt=1.11.11
[0m10:37:54.853490 [debug] [MainThread]: running dbt with arguments {'cache_selected_only': 'False', 'debug': 'False', 'use_colors': 'True', 'quiet': 'False', 'send_anonymous_usage_stats': 'True', 'version_check': 'True', 'log_cache_events': 'False', 'profiles_dir': '/Users/parin/.dbt', 'partial_parse': 'True', 'write_json': 'True', 'no_print': 'None', 'fail_fast': 'False', 'indirect_selection': 'eager', 'warn_error': 'None', 'invocation_command': 'dbt debug', 'warn_error_options': 'WarnErrorOptionsV2(error=[], warn=[], silence=[])', 'log_format': 'default', 'target_path': 'None', 'use_experimental_parser': 'False', 'static_parser': 'True', 'introspect': 'True', 'log_path': 'logs', 'printer_width': '80', 'empty': 'None'}
[0m10:37:54.864820 [info ] [MainThread]: dbt version: 1.11.11
[0m10:37:54.865068 [info ] [MainThread]: python version: 3.11.5
[0m10:37:54.865235 [info ] [MainThread]: python path: /Library/Frameworks/Python.framework/Versions/3.11/bin/python3
[0m10:37:54.865381 [info ] [MainThread]: os info: macOS-15.0.1-arm64-arm-64bit
[0m10:37:55.607952 [debug] [MainThread]: Snowflake adapter: Setting snowflake.connector to ERROR (file logging only)
[0m10:37:55.608258 [debug] [MainThread]: Snowflake adapter: Setting botocore to ERROR (file logging only)
[0m10:37:55.608415 [debug] [MainThread]: Snowflake adapter: Setting boto3 to ERROR (file logging only)
[0m10:37:55.643712 [info ] [MainThread]: Using profiles dir at /Users/parin/.dbt
[0m10:37:55.643940 [info ] [MainThread]: Using profiles.yml file at /Users/parin/.dbt/profiles.yml
[0m10:37:55.644098 [info ] [MainThread]: Using dbt_project.yml file at /Users/parin/Documents/finflow_analytics/dbt_finflow/dbt_project.yml
[0m10:37:55.644486 [info ] [MainThread]: adapter type: snowflake
[0m10:37:55.644710 [info ] [MainThread]: adapter version: 1.11.5
[0m10:37:55.644887 [info ] [MainThread]: Configuration:
[0m10:37:55.645028 [info ] [MainThread]:   profiles.yml file [[32mOK found and valid[0m]
[0m10:37:55.645163 [info ] [MainThread]:   dbt_project.yml file [[31mERROR not found[0m]
[0m10:37:55.645291 [info ] [MainThread]: Required dependencies:
[0m10:37:55.645461 [debug] [MainThread]: Executing "git --help"
[0m10:37:55.667666 [debug] [MainThread]: STDOUT: "b"usage: git [-v | --version] [-h | --help] [-C <path>] [-c <name>=<value>]\n           [--exec-path[=<path>]] [--html-path] [--man-path] [--info-path]\n           [-p | --paginate | -P | --no-pager] [--no-replace-objects] [--bare]\n           [--git-dir=<path>] [--work-tree=<path>] [--namespace=<name>]\n           [--super-prefix=<path>] [--config-env=<name>=<envvar>]\n           <command> [<args>]\n\nThese are common Git commands used in various situations:\n\nstart a working area (see also: git help tutorial)\n   clone     Clone a repository into a new directory\n   init      Create an empty Git repository or reinitialize an existing one\n\nwork on the current change (see also: git help everyday)\n   add       Add file contents to the index\n   mv        Move or rename a file, a directory, or a symlink\n   restore   Restore working tree files\n   rm        Remove files from the working tree and from the index\n\nexamine the history and state (see also: git help revisions)\n   bisect    Use binary search to find the commit that introduced a bug\n   diff      Show changes between commits, commit and working tree, etc\n   grep      Print lines matching a pattern\n   log       Show commit logs\n   show      Show various types of objects\n   status    Show the working tree status\n\ngrow, mark and tweak your common history\n   branch    List, create, or delete branches\n   commit    Record changes to the repository\n   merge     Join two or more development histories together\n   rebase    Reapply commits on top of another base tip\n   reset     Reset current HEAD to the specified state\n   switch    Switch branches\n   tag       Create, list, delete or verify a tag object signed with GPG\n\ncollaborate (see also: git help workflows)\n   fetch     Download objects and refs from another repository\n   pull      Fetch from and integrate with another repository or a local branch\n   push      Update remote refs along with associated objects\n\n'git help -a' and 'git help -g' list available subcommands and some\nconcept guides. See 'git help <command>' or 'git help <concept>'\nto read about a specific subcommand or concept.\nSee 'git help git' for an overview of the system.\n""
[0m10:37:55.668576 [debug] [MainThread]: STDERR: "b''"
[0m10:37:55.668909 [info ] [MainThread]:  - git [[32mOK found[0m]

[0m10:37:55.669104 [info ] [MainThread]: Connection:
[0m10:37:55.669288 [info ] [MainThread]:   account: AMRJGLO-JC74238
[0m10:37:55.669418 [info ] [MainThread]:   user: PARINTHAOKAR
[0m10:37:55.669540 [info ] [MainThread]:   database: FINFLOW
[0m10:37:55.669658 [info ] [MainThread]:   warehouse: COMPUTE_WH
[0m10:37:55.669774 [info ] [MainThread]:   role: ACCOUNTADMIN
[0m10:37:55.669890 [info ] [MainThread]:   schema: SILVER
[0m10:37:55.670006 [info ] [MainThread]:   authenticator: None
[0m10:37:55.670123 [info ] [MainThread]:   oauth_client_id: None
[0m10:37:55.670237 [info ] [MainThread]:   query_tag: None
[0m10:37:55.670351 [info ] [MainThread]:   client_session_keep_alive: False
[0m10:37:55.670467 [info ] [MainThread]:   host: None
[0m10:37:55.670581 [info ] [MainThread]:   port: None
[0m10:37:55.670695 [info ] [MainThread]:   proxy_host: None
[0m10:37:55.670810 [info ] [MainThread]:   proxy_port: None
[0m10:37:55.670922 [info ] [MainThread]:   protocol: None
[0m10:37:55.671037 [info ] [MainThread]:   connect_retries: 1
[0m10:37:55.671148 [info ] [MainThread]:   connect_timeout: None
[0m10:37:55.671260 [info ] [MainThread]:   retry_on_database_errors: False
[0m10:37:55.671376 [info ] [MainThread]:   retry_all: False
[0m10:37:55.671487 [info ] [MainThread]:   insecure_mode: False
[0m10:37:55.671602 [info ] [MainThread]:   reuse_connections: True
[0m10:37:55.671717 [info ] [MainThread]:   s3_stage_vpce_dns_name: None
[0m10:37:55.671836 [info ] [MainThread]:   platform_detection_timeout_seconds: 0.0
[0m10:37:55.672131 [info ] [MainThread]: Registered adapter: snowflake=1.11.5
[0m10:37:55.745026 [debug] [MainThread]: Acquiring new snowflake connection 'debug'
[0m10:37:55.783829 [debug] [MainThread]: Using snowflake connection "debug"
[0m10:37:55.784037 [debug] [MainThread]: On debug: select 1 as id
[0m10:37:55.784176 [debug] [MainThread]: Opening a new connection, currently in state init
[0m10:37:56.739222 [debug] [MainThread]: Snowflake adapter: Error running SQL: select 1 as id
[0m10:37:56.739975 [debug] [MainThread]: Snowflake adapter: Rolling back transaction.
[0m10:37:56.740548 [info ] [MainThread]:   Connection test: [[31mERROR[0m]

[0m10:37:56.741108 [info ] [MainThread]: [31m2 checks failed:[0m
[0m10:37:56.741509 [info ] [MainThread]: Project loading failed for the following reason:
 project path </Users/parin/Documents/finflow_analytics/dbt_finflow/dbt_project.yml> not found

[0m10:37:56.741917 [info ] [MainThread]: dbt was unable to connect to the specified database.
The database returned the following error:

  >Database Error
  250001 (08001): Failed to connect to DB: AMRJGLO-JC74238.snowflakecomputing.com:443. Failed to authenticate: MFA authentication is required, but none of your current MFA methods are supported for programmatic authentication.

Check your database credentials and try again. For more information, visit:
https://docs.getdbt.com/docs/configure-your-profile


[0m10:37:56.745674 [debug] [MainThread]: Resource report: {"command_name": "debug", "command_success": false, "command_wall_clock_time": 1.9521719, "process_in_blocks": "0", "process_kernel_time": 0.314104, "process_mem_max_rss": "216252416", "process_out_blocks": "0", "process_user_time": 1.241388}
[0m10:37:56.746288 [debug] [MainThread]: Command `dbt debug` failed at 10:37:56.746185 after 1.95 seconds
[0m10:37:56.746690 [debug] [MainThread]: Connection 'debug' was left open.
[0m10:37:56.746985 [debug] [MainThread]: On debug: No close available on handle
[0m10:37:56.747352 [debug] [MainThread]: Sending event: {'category': 'dbt', 'action': 'invocation', 'label': 'end', 'context': [<snowplow_tracker.self_describing_json.SelfDescribingJson object at 0x105d17710>, <snowplow_tracker.self_describing_json.SelfDescribingJson object at 0x10c7130d0>, <snowplow_tracker.self_describing_json.SelfDescribingJson object at 0x10b84e750>]}
[0m10:37:56.747980 [debug] [MainThread]: Flushing usage events
[0m10:37:56.855723 [debug] [MainThread]: An error was encountered while trying to flush usage events
[0m10:38:20.062934 [debug] [MainThread]: Sending event: {'category': 'dbt', 'action': 'invocation', 'label': 'start', 'context': [<snowplow_tracker.self_describing_json.SelfDescribingJson object at 0x10721d490>, <snowplow_tracker.self_describing_json.SelfDescribingJson object at 0x109d0cd50>, <snowplow_tracker.self_describing_json.SelfDescribingJson object at 0x109d225d0>]}


============================== 10:38:20.067566 | c2e881d4-ae05-496d-8c9b-5139dbf4ca4a ==============================
[0m10:38:20.067566 [info ] [MainThread]: Running with dbt=1.11.11
[0m10:38:20.067920 [debug] [MainThread]: running dbt with arguments {'use_colors': 'True', 'quiet': 'False', 'profiles_dir': '/Users/parin/.dbt', 'use_experimental_parser': 'False', 'cache_selected_only': 'False', 'write_json': 'True', 'empty': 'None', 'static_parser': 'True', 'warn_error': 'None', 'partial_parse': 'True', 'printer_width': '80', 'target_path': 'None', 'fail_fast': 'False', 'no_print': 'None', 'debug': 'False', 'send_anonymous_usage_stats': 'True', 'log_path': 'logs', 'log_cache_events': 'False', 'introspect': 'True', 'log_format': 'default', 'version_check': 'True', 'warn_error_options': 'WarnErrorOptionsV2(error=[], warn=[], silence=[])', 'invocation_command': 'dbt debug', 'indirect_selection': 'eager'}
[0m10:38:20.085671 [info ] [MainThread]: dbt version: 1.11.11
[0m10:38:20.085969 [info ] [MainThread]: python version: 3.11.5
[0m10:38:20.086187 [info ] [MainThread]: python path: /Library/Frameworks/Python.framework/Versions/3.11/bin/python3
[0m10:38:20.086364 [info ] [MainThread]: os info: macOS-15.0.1-arm64-arm-64bit
[0m10:38:20.855574 [debug] [MainThread]: Snowflake adapter: Setting snowflake.connector to ERROR (file logging only)
[0m10:38:20.855863 [debug] [MainThread]: Snowflake adapter: Setting botocore to ERROR (file logging only)
[0m10:38:20.856019 [debug] [MainThread]: Snowflake adapter: Setting boto3 to ERROR (file logging only)
[0m10:38:20.889809 [info ] [MainThread]: Using profiles dir at /Users/parin/.dbt
[0m10:38:20.890056 [info ] [MainThread]: Using profiles.yml file at /Users/parin/.dbt/profiles.yml
[0m10:38:20.890203 [info ] [MainThread]: Using dbt_project.yml file at /Users/parin/Documents/finflow_analytics/dbt_finflow/dbt_project.yml
[0m10:38:20.890537 [info ] [MainThread]: adapter type: snowflake
[0m10:38:20.890692 [info ] [MainThread]: adapter version: 1.11.5
[0m10:38:20.890847 [info ] [MainThread]: Configuration:
[0m10:38:20.890983 [info ] [MainThread]:   profiles.yml file [[32mOK found and valid[0m]
[0m10:38:20.891110 [info ] [MainThread]:   dbt_project.yml file [[31mERROR not found[0m]
[0m10:38:20.891236 [info ] [MainThread]: Required dependencies:
[0m10:38:20.891424 [debug] [MainThread]: Executing "git --help"
[0m10:38:20.907185 [debug] [MainThread]: STDOUT: "b"usage: git [-v | --version] [-h | --help] [-C <path>] [-c <name>=<value>]\n           [--exec-path[=<path>]] [--html-path] [--man-path] [--info-path]\n           [-p | --paginate | -P | --no-pager] [--no-replace-objects] [--bare]\n           [--git-dir=<path>] [--work-tree=<path>] [--namespace=<name>]\n           [--super-prefix=<path>] [--config-env=<name>=<envvar>]\n           <command> [<args>]\n\nThese are common Git commands used in various situations:\n\nstart a working area (see also: git help tutorial)\n   clone     Clone a repository into a new directory\n   init      Create an empty Git repository or reinitialize an existing one\n\nwork on the current change (see also: git help everyday)\n   add       Add file contents to the index\n   mv        Move or rename a file, a directory, or a symlink\n   restore   Restore working tree files\n   rm        Remove files from the working tree and from the index\n\nexamine the history and state (see also: git help revisions)\n   bisect    Use binary search to find the commit that introduced a bug\n   diff      Show changes between commits, commit and working tree, etc\n   grep      Print lines matching a pattern\n   log       Show commit logs\n   show      Show various types of objects\n   status    Show the working tree status\n\ngrow, mark and tweak your common history\n   branch    List, create, or delete branches\n   commit    Record changes to the repository\n   merge     Join two or more development histories together\n   rebase    Reapply commits on top of another base tip\n   reset     Reset current HEAD to the specified state\n   switch    Switch branches\n   tag       Create, list, delete or verify a tag object signed with GPG\n\ncollaborate (see also: git help workflows)\n   fetch     Download objects and refs from another repository\n   pull      Fetch from and integrate with another repository or a local branch\n   push      Update remote refs along with associated objects\n\n'git help -a' and 'git help -g' list available subcommands and some\nconcept guides. See 'git help <command>' or 'git help <concept>'\nto read about a specific subcommand or concept.\nSee 'git help git' for an overview of the system.\n""
[0m10:38:20.907713 [debug] [MainThread]: STDERR: "b''"
[0m10:38:20.907904 [info ] [MainThread]:  - git [[32mOK found[0m]

[0m10:38:20.908077 [info ] [MainThread]: Connection:
[0m10:38:20.908256 [info ] [MainThread]:   account: AMRJGLO-JC74238
[0m10:38:20.908387 [info ] [MainThread]:   user: PARINTHAOKAR
[0m10:38:20.908504 [info ] [MainThread]:   database: FINFLOW
[0m10:38:20.908623 [info ] [MainThread]:   warehouse: COMPUTE_WH
[0m10:38:20.908745 [info ] [MainThread]:   role: ACCOUNTADMIN
[0m10:38:20.908861 [info ] [MainThread]:   schema: SILVER
[0m10:38:20.908975 [info ] [MainThread]:   authenticator: None
[0m10:38:20.909091 [info ] [MainThread]:   oauth_client_id: None
[0m10:38:20.909207 [info ] [MainThread]:   query_tag: None
[0m10:38:20.909323 [info ] [MainThread]:   client_session_keep_alive: False
[0m10:38:20.909438 [info ] [MainThread]:   host: None
[0m10:38:20.909556 [info ] [MainThread]:   port: None
[0m10:38:20.909669 [info ] [MainThread]:   proxy_host: None
[0m10:38:20.909783 [info ] [MainThread]:   proxy_port: None
[0m10:38:20.909895 [info ] [MainThread]:   protocol: None
[0m10:38:20.910008 [info ] [MainThread]:   connect_retries: 1
[0m10:38:20.910117 [info ] [MainThread]:   connect_timeout: None
[0m10:38:20.910230 [info ] [MainThread]:   retry_on_database_errors: False
[0m10:38:20.910545 [info ] [MainThread]:   retry_all: False
[0m10:38:20.910753 [info ] [MainThread]:   insecure_mode: False
[0m10:38:20.910958 [info ] [MainThread]:   reuse_connections: True
[0m10:38:20.911129 [info ] [MainThread]:   s3_stage_vpce_dns_name: None
[0m10:38:20.911272 [info ] [MainThread]:   platform_detection_timeout_seconds: 0.0
[0m10:38:20.911568 [info ] [MainThread]: Registered adapter: snowflake=1.11.5
[0m10:38:20.992497 [debug] [MainThread]: Acquiring new snowflake connection 'debug'
[0m10:38:21.023944 [debug] [MainThread]: Using snowflake connection "debug"
[0m10:38:21.024134 [debug] [MainThread]: On debug: select 1 as id
[0m10:38:21.024264 [debug] [MainThread]: Opening a new connection, currently in state init
[0m10:38:21.668302 [debug] [MainThread]: SQL status: SUCCESS 1 in 0.644 seconds
[0m10:38:21.669862 [info ] [MainThread]:   Connection test: [[32mOK connection ok[0m]

[0m10:38:21.670381 [info ] [MainThread]: [31m1 check failed:[0m
[0m10:38:21.670827 [info ] [MainThread]: Project loading failed for the following reason:
 project path </Users/parin/Documents/finflow_analytics/dbt_finflow/dbt_project.yml> not found

[0m10:38:21.675160 [debug] [MainThread]: Resource report: {"command_name": "debug", "command_success": false, "command_wall_clock_time": 1.6685903, "process_in_blocks": "0", "process_kernel_time": 0.311223, "process_mem_max_rss": "212336640", "process_out_blocks": "0", "process_user_time": 1.100526}
[0m10:38:21.675711 [debug] [MainThread]: Command `dbt debug` failed at 10:38:21.675611 after 1.67 seconds
[0m10:38:21.676120 [debug] [MainThread]: Connection 'debug' was left open.
[0m10:38:21.676482 [debug] [MainThread]: On debug: Close
[0m10:38:21.801075 [debug] [MainThread]: Sending event: {'category': 'dbt', 'action': 'invocation', 'label': 'end', 'context': [<snowplow_tracker.self_describing_json.SelfDescribingJson object at 0x1050ec410>, <snowplow_tracker.self_describing_json.SelfDescribingJson object at 0x109bdd510>, <snowplow_tracker.self_describing_json.SelfDescribingJson object at 0x105113b10>]}
[0m10:38:21.802457 [debug] [MainThread]: Flushing usage events
[0m10:38:21.924139 [debug] [MainThread]: An error was encountered while trying to flush usage events
[0m10:39:17.020605 [debug] [MainThread]: Sending event: {'category': 'dbt', 'action': 'invocation', 'label': 'start', 'context': [<snowplow_tracker.self_describing_json.SelfDescribingJson object at 0x10c4cabd0>, <snowplow_tracker.self_describing_json.SelfDescribingJson object at 0x10c50cc50>, <snowplow_tracker.self_describing_json.SelfDescribingJson object at 0x10c507810>]}


============================== 10:39:17.023351 | 9a1659bb-c962-4229-9ce0-262f7eb02932 ==============================
[0m10:39:17.023351 [info ] [MainThread]: Running with dbt=1.11.11
[0m10:39:17.023662 [debug] [MainThread]: running dbt with arguments {'use_experimental_parser': 'False', 'log_path': 'logs', 'write_json': 'True', 'debug': 'False', 'no_print': 'None', 'static_parser': 'True', 'profiles_dir': '/Users/parin/.dbt', 'target_path': 'None', 'indirect_selection': 'eager', 'invocation_command': 'dbt debug', 'introspect': 'True', 'cache_selected_only': 'False', 'log_cache_events': 'False', 'send_anonymous_usage_stats': 'True', 'warn_error_options': 'WarnErrorOptionsV2(error=[], warn=[], silence=[])', 'version_check': 'True', 'printer_width': '80', 'partial_parse': 'True', 'warn_error': 'None', 'quiet': 'False', 'fail_fast': 'False', 'empty': 'None', 'log_format': 'default', 'use_colors': 'True'}
[0m10:39:17.033858 [info ] [MainThread]: dbt version: 1.11.11
[0m10:39:17.034077 [info ] [MainThread]: python version: 3.11.5
[0m10:39:17.034246 [info ] [MainThread]: python path: /Library/Frameworks/Python.framework/Versions/3.11/bin/python3
[0m10:39:17.034389 [info ] [MainThread]: os info: macOS-15.0.1-arm64-arm-64bit
[0m10:39:17.720406 [debug] [MainThread]: Snowflake adapter: Setting snowflake.connector to ERROR (file logging only)
[0m10:39:17.720701 [debug] [MainThread]: Snowflake adapter: Setting botocore to ERROR (file logging only)
[0m10:39:17.720858 [debug] [MainThread]: Snowflake adapter: Setting boto3 to ERROR (file logging only)
[0m10:39:17.754312 [info ] [MainThread]: Using profiles dir at /Users/parin/.dbt
[0m10:39:17.754546 [info ] [MainThread]: Using profiles.yml file at /Users/parin/.dbt/profiles.yml
[0m10:39:17.754707 [info ] [MainThread]: Using dbt_project.yml file at /Users/parin/Documents/finflow_analytics/dbt_finflow/dbt_project.yml
[0m10:39:17.755226 [info ] [MainThread]: adapter type: snowflake
[0m10:39:17.755407 [info ] [MainThread]: adapter version: 1.11.5
[0m10:39:17.755561 [info ] [MainThread]: Configuration:
[0m10:39:17.755699 [info ] [MainThread]:   profiles.yml file [[32mOK found and valid[0m]
[0m10:39:17.755829 [info ] [MainThread]:   dbt_project.yml file [[31mERROR not found[0m]
[0m10:39:17.755983 [info ] [MainThread]: Required dependencies:
[0m10:39:17.756143 [debug] [MainThread]: Executing "git --help"
[0m10:39:17.780974 [debug] [MainThread]: STDOUT: "b"usage: git [-v | --version] [-h | --help] [-C <path>] [-c <name>=<value>]\n           [--exec-path[=<path>]] [--html-path] [--man-path] [--info-path]\n           [-p | --paginate | -P | --no-pager] [--no-replace-objects] [--bare]\n           [--git-dir=<path>] [--work-tree=<path>] [--namespace=<name>]\n           [--super-prefix=<path>] [--config-env=<name>=<envvar>]\n           <command> [<args>]\n\nThese are common Git commands used in various situations:\n\nstart a working area (see also: git help tutorial)\n   clone     Clone a repository into a new directory\n   init      Create an empty Git repository or reinitialize an existing one\n\nwork on the current change (see also: git help everyday)\n   add       Add file contents to the index\n   mv        Move or rename a file, a directory, or a symlink\n   restore   Restore working tree files\n   rm        Remove files from the working tree and from the index\n\nexamine the history and state (see also: git help revisions)\n   bisect    Use binary search to find the commit that introduced a bug\n   diff      Show changes between commits, commit and working tree, etc\n   grep      Print lines matching a pattern\n   log       Show commit logs\n   show      Show various types of objects\n   status    Show the working tree status\n\ngrow, mark and tweak your common history\n   branch    List, create, or delete branches\n   commit    Record changes to the repository\n   merge     Join two or more development histories together\n   rebase    Reapply commits on top of another base tip\n   reset     Reset current HEAD to the specified state\n   switch    Switch branches\n   tag       Create, list, delete or verify a tag object signed with GPG\n\ncollaborate (see also: git help workflows)\n   fetch     Download objects and refs from another repository\n   pull      Fetch from and integrate with another repository or a local branch\n   push      Update remote refs along with associated objects\n\n'git help -a' and 'git help -g' list available subcommands and some\nconcept guides. See 'git help <command>' or 'git help <concept>'\nto read about a specific subcommand or concept.\nSee 'git help git' for an overview of the system.\n""
[0m10:39:17.781472 [debug] [MainThread]: STDERR: "b''"
[0m10:39:17.781652 [info ] [MainThread]:  - git [[32mOK found[0m]

[0m10:39:17.781822 [info ] [MainThread]: Connection:
[0m10:39:17.782000 [info ] [MainThread]:   account: AMRJGLO-JC74238
[0m10:39:17.782128 [info ] [MainThread]:   user: PARINTHAOKAR
[0m10:39:17.782247 [info ] [MainThread]:   database: FINFLOW
[0m10:39:17.782366 [info ] [MainThread]:   warehouse: COMPUTE_WH
[0m10:39:17.782481 [info ] [MainThread]:   role: ACCOUNTADMIN
[0m10:39:17.782597 [info ] [MainThread]:   schema: SILVER
[0m10:39:17.782712 [info ] [MainThread]:   authenticator: None
[0m10:39:17.782833 [info ] [MainThread]:   oauth_client_id: None
[0m10:39:17.782950 [info ] [MainThread]:   query_tag: None
[0m10:39:17.783066 [info ] [MainThread]:   client_session_keep_alive: False
[0m10:39:17.783183 [info ] [MainThread]:   host: None
[0m10:39:17.783295 [info ] [MainThread]:   port: None
[0m10:39:17.783411 [info ] [MainThread]:   proxy_host: None
[0m10:39:17.783525 [info ] [MainThread]:   proxy_port: None
[0m10:39:17.783638 [info ] [MainThread]:   protocol: None
[0m10:39:17.783753 [info ] [MainThread]:   connect_retries: 1
[0m10:39:17.783864 [info ] [MainThread]:   connect_timeout: None
[0m10:39:17.783979 [info ] [MainThread]:   retry_on_database_errors: False
[0m10:39:17.784096 [info ] [MainThread]:   retry_all: False
[0m10:39:17.784208 [info ] [MainThread]:   insecure_mode: False
[0m10:39:17.784472 [info ] [MainThread]:   reuse_connections: True
[0m10:39:17.784704 [info ] [MainThread]:   s3_stage_vpce_dns_name: None
[0m10:39:17.784952 [info ] [MainThread]:   platform_detection_timeout_seconds: 0.0
[0m10:39:17.785342 [info ] [MainThread]: Registered adapter: snowflake=1.11.5
[0m10:39:17.855850 [debug] [MainThread]: Acquiring new snowflake connection 'debug'
[0m10:39:17.882926 [debug] [MainThread]: Using snowflake connection "debug"
[0m10:39:17.883115 [debug] [MainThread]: On debug: select 1 as id
[0m10:39:17.883248 [debug] [MainThread]: Opening a new connection, currently in state init
[0m10:39:18.725317 [debug] [MainThread]: SQL status: SUCCESS 1 in 0.842 seconds
[0m10:39:18.728228 [info ] [MainThread]:   Connection test: [[32mOK connection ok[0m]

[0m10:39:18.729075 [info ] [MainThread]: [31m1 check failed:[0m
[0m10:39:18.729593 [info ] [MainThread]: Project loading failed for the following reason:
 project path </Users/parin/Documents/finflow_analytics/dbt_finflow/dbt_project.yml> not found

[0m10:39:18.734295 [debug] [MainThread]: Resource report: {"command_name": "debug", "command_success": false, "command_wall_clock_time": 1.761821, "process_in_blocks": "0", "process_kernel_time": 0.312941, "process_mem_max_rss": "213532672", "process_out_blocks": "0", "process_user_time": 1.096028}
[0m10:39:18.735254 [debug] [MainThread]: Command `dbt debug` failed at 10:39:18.735026 after 1.76 seconds
[0m10:39:18.735843 [debug] [MainThread]: Connection 'debug' was left open.
[0m10:39:18.736340 [debug] [MainThread]: On debug: Close
[0m10:39:18.834513 [debug] [MainThread]: Sending event: {'category': 'dbt', 'action': 'invocation', 'label': 'end', 'context': [<snowplow_tracker.self_describing_json.SelfDescribingJson object at 0x119421050>, <snowplow_tracker.self_describing_json.SelfDescribingJson object at 0x10dac9690>, <snowplow_tracker.self_describing_json.SelfDescribingJson object at 0x11ce34810>]}
[0m10:39:18.835457 [debug] [MainThread]: Flushing usage events
[0m10:39:18.960698 [debug] [MainThread]: An error was encountered while trying to flush usage events
[0m10:42:05.426611 [debug] [MainThread]: Sending event: {'category': 'dbt', 'action': 'invocation', 'label': 'start', 'context': [<snowplow_tracker.self_describing_json.SelfDescribingJson object at 0x108f845d0>, <snowplow_tracker.self_describing_json.SelfDescribingJson object at 0x10900cd50>, <snowplow_tracker.self_describing_json.SelfDescribingJson object at 0x1090216d0>]}


============================== 10:42:05.429684 | 30c1232a-2b24-4772-a9ab-aa9ba1bf9474 ==============================
[0m10:42:05.429684 [info ] [MainThread]: Running with dbt=1.11.11
[0m10:42:05.429994 [debug] [MainThread]: running dbt with arguments {'write_json': 'True', 'static_parser': 'True', 'log_path': '/Users/parin/Documents/finflow_analytics/dbt_finflow/logs', 'warn_error': 'None', 'indirect_selection': 'eager', 'invocation_command': 'dbt debug', 'cache_selected_only': 'False', 'log_cache_events': 'False', 'printer_width': '80', 'fail_fast': 'False', 'empty': 'None', 'log_format': 'default', 'profiles_dir': '/Users/parin/.dbt', 'use_experimental_parser': 'False', 'version_check': 'True', 'partial_parse': 'True', 'introspect': 'True', 'send_anonymous_usage_stats': 'True', 'warn_error_options': 'WarnErrorOptionsV2(error=[], warn=[], silence=[])', 'use_colors': 'True', 'target_path': 'None', 'debug': 'False', 'no_print': 'None', 'quiet': 'False'}
[0m10:42:05.440564 [info ] [MainThread]: dbt version: 1.11.11
[0m10:42:05.440813 [info ] [MainThread]: python version: 3.11.5
[0m10:42:05.440979 [info ] [MainThread]: python path: /Library/Frameworks/Python.framework/Versions/3.11/bin/python3
[0m10:42:05.441125 [info ] [MainThread]: os info: macOS-15.0.1-arm64-arm-64bit
[0m10:42:06.252000 [debug] [MainThread]: Snowflake adapter: Setting snowflake.connector to ERROR (file logging only)
[0m10:42:06.252288 [debug] [MainThread]: Snowflake adapter: Setting botocore to ERROR (file logging only)
[0m10:42:06.252445 [debug] [MainThread]: Snowflake adapter: Setting boto3 to ERROR (file logging only)
[0m10:42:06.285945 [info ] [MainThread]: Using profiles dir at /Users/parin/.dbt
[0m10:42:06.286202 [info ] [MainThread]: Using profiles.yml file at /Users/parin/.dbt/profiles.yml
[0m10:42:06.286394 [info ] [MainThread]: Using dbt_project.yml file at /Users/parin/Documents/finflow_analytics/dbt_finflow/dbt_project.yml
[0m10:42:06.286765 [info ] [MainThread]: adapter type: snowflake
[0m10:42:06.286951 [info ] [MainThread]: adapter version: 1.11.5
[0m10:42:06.341235 [info ] [MainThread]: Configuration:
[0m10:42:06.341506 [info ] [MainThread]:   profiles.yml file [[32mOK found and valid[0m]
[0m10:42:06.341662 [info ] [MainThread]:   dbt_project.yml file [[32mOK found and valid[0m]
[0m10:42:06.341798 [info ] [MainThread]: Required dependencies:
[0m10:42:06.341981 [debug] [MainThread]: Executing "git --help"
[0m10:42:06.359504 [debug] [MainThread]: STDOUT: "b"usage: git [-v | --version] [-h | --help] [-C <path>] [-c <name>=<value>]\n           [--exec-path[=<path>]] [--html-path] [--man-path] [--info-path]\n           [-p | --paginate | -P | --no-pager] [--no-replace-objects] [--bare]\n           [--git-dir=<path>] [--work-tree=<path>] [--namespace=<name>]\n           [--super-prefix=<path>] [--config-env=<name>=<envvar>]\n           <command> [<args>]\n\nThese are common Git commands used in various situations:\n\nstart a working area (see also: git help tutorial)\n   clone     Clone a repository into a new directory\n   init      Create an empty Git repository or reinitialize an existing one\n\nwork on the current change (see also: git help everyday)\n   add       Add file contents to the index\n   mv        Move or rename a file, a directory, or a symlink\n   restore   Restore working tree files\n   rm        Remove files from the working tree and from the index\n\nexamine the history and state (see also: git help revisions)\n   bisect    Use binary search to find the commit that introduced a bug\n   diff      Show changes between commits, commit and working tree, etc\n   grep      Print lines matching a pattern\n   log       Show commit logs\n   show      Show various types of objects\n   status    Show the working tree status\n\ngrow, mark and tweak your common history\n   branch    List, create, or delete branches\n   commit    Record changes to the repository\n   merge     Join two or more development histories together\n   rebase    Reapply commits on top of another base tip\n   reset     Reset current HEAD to the specified state\n   switch    Switch branches\n   tag       Create, list, delete or verify a tag object signed with GPG\n\ncollaborate (see also: git help workflows)\n   fetch     Download objects and refs from another repository\n   pull      Fetch from and integrate with another repository or a local branch\n   push      Update remote refs along with associated objects\n\n'git help -a' and 'git help -g' list available subcommands and some\nconcept guides. See 'git help <command>' or 'git help <concept>'\nto read about a specific subcommand or concept.\nSee 'git help git' for an overview of the system.\n""
[0m10:42:06.360036 [debug] [MainThread]: STDERR: "b''"
[0m10:42:06.360225 [info ] [MainThread]:  - git [[32mOK found[0m]

[0m10:42:06.360392 [info ] [MainThread]: Connection:
[0m10:42:06.360579 [info ] [MainThread]:   account: AMRJGLO-JC74238
[0m10:42:06.360761 [info ] [MainThread]:   user: PARINTHAOKAR
[0m10:42:06.360886 [info ] [MainThread]:   database: FINFLOW
[0m10:42:06.361007 [info ] [MainThread]:   warehouse: COMPUTE_WH
[0m10:42:06.361127 [info ] [MainThread]:   role: ACCOUNTADMIN
[0m10:42:06.361244 [info ] [MainThread]:   schema: SILVER
[0m10:42:06.361362 [info ] [MainThread]:   authenticator: None
[0m10:42:06.361484 [info ] [MainThread]:   oauth_client_id: None
[0m10:42:06.361603 [info ] [MainThread]:   query_tag: None
[0m10:42:06.361725 [info ] [MainThread]:   client_session_keep_alive: False
[0m10:42:06.361844 [info ] [MainThread]:   host: None
[0m10:42:06.361958 [info ] [MainThread]:   port: None
[0m10:42:06.362077 [info ] [MainThread]:   proxy_host: None
[0m10:42:06.362425 [info ] [MainThread]:   proxy_port: None
[0m10:42:06.362552 [info ] [MainThread]:   protocol: None
[0m10:42:06.362681 [info ] [MainThread]:   connect_retries: 1
[0m10:42:06.362824 [info ] [MainThread]:   connect_timeout: None
[0m10:42:06.362944 [info ] [MainThread]:   retry_on_database_errors: False
[0m10:42:06.363064 [info ] [MainThread]:   retry_all: False
[0m10:42:06.363181 [info ] [MainThread]:   insecure_mode: False
[0m10:42:06.363296 [info ] [MainThread]:   reuse_connections: True
[0m10:42:06.363411 [info ] [MainThread]:   s3_stage_vpce_dns_name: None
[0m10:42:06.363530 [info ] [MainThread]:   platform_detection_timeout_seconds: 0.0
[0m10:42:06.363830 [info ] [MainThread]: Registered adapter: snowflake=1.11.5
[0m10:42:06.469175 [debug] [MainThread]: Acquiring new snowflake connection 'debug'
[0m10:42:06.497134 [debug] [MainThread]: Using snowflake connection "debug"
[0m10:42:06.497336 [debug] [MainThread]: On debug: select 1 as id
[0m10:42:06.497469 [debug] [MainThread]: Opening a new connection, currently in state init
[0m10:42:07.226989 [debug] [MainThread]: SQL status: SUCCESS 1 in 0.729 seconds
[0m10:42:07.228618 [info ] [MainThread]:   Connection test: [[32mOK connection ok[0m]

[0m10:42:07.229124 [info ] [MainThread]: [32mAll checks passed![0m
[0m10:42:07.233456 [debug] [MainThread]: Resource report: {"command_name": "debug", "command_success": true, "command_wall_clock_time": 1.8565935, "process_in_blocks": "0", "process_kernel_time": 0.33953, "process_mem_max_rss": "211386368", "process_out_blocks": "0", "process_user_time": 1.199249}
[0m10:42:07.234001 [debug] [MainThread]: Command `dbt debug` succeeded at 10:42:07.233897 after 1.86 seconds
[0m10:42:07.234381 [debug] [MainThread]: Connection 'debug' was left open.
[0m10:42:07.234859 [debug] [MainThread]: On debug: Close
[0m10:42:07.339276 [debug] [MainThread]: Sending event: {'category': 'dbt', 'action': 'invocation', 'label': 'end', 'context': [<snowplow_tracker.self_describing_json.SelfDescribingJson object at 0x10900c250>, <snowplow_tracker.self_describing_json.SelfDescribingJson object at 0x108f7bc50>, <snowplow_tracker.self_describing_json.SelfDescribingJson object at 0x10ff1f810>]}
[0m10:42:07.340000 [debug] [MainThread]: Flushing usage events
[0m10:42:07.454586 [debug] [MainThread]: An error was encountered while trying to flush usage events
[0m13:14:20.515922 [debug] [MainThread]: Sending event: {'category': 'dbt', 'action': 'invocation', 'label': 'start', 'context': [<snowplow_tracker.self_describing_json.SelfDescribingJson object at 0x105baab90>, <snowplow_tracker.self_describing_json.SelfDescribingJson object at 0x105cb2c90>, <snowplow_tracker.self_describing_json.SelfDescribingJson object at 0x105cb32d0>]}


============================== 13:14:20.518802 | a99d8e2c-cb1f-4cd7-9ede-e3a88f9353d0 ==============================
[0m13:14:20.518802 [info ] [MainThread]: Running with dbt=1.11.11
[0m13:14:20.519122 [debug] [MainThread]: running dbt with arguments {'debug': 'False', 'indirect_selection': 'eager', 'quiet': 'False', 'log_path': '/Users/parin/Documents/finflow_analytics/dbt_finflow/logs', 'empty': 'False', 'partial_parse': 'True', 'target_path': 'None', 'log_cache_events': 'False', 'write_json': 'True', 'invocation_command': 'dbt run', 'log_format': 'default', 'use_experimental_parser': 'False', 'fail_fast': 'False', 'introspect': 'True', 'send_anonymous_usage_stats': 'True', 'no_print': 'None', 'profiles_dir': '/Users/parin/.dbt', 'warn_error': 'None', 'cache_selected_only': 'False', 'use_colors': 'True', 'warn_error_options': 'WarnErrorOptionsV2(error=[], warn=[], silence=[])', 'printer_width': '80', 'version_check': 'True', 'static_parser': 'True'}
[0m13:14:21.463130 [debug] [MainThread]: Snowflake adapter: Setting snowflake.connector to ERROR (file logging only)
[0m13:14:21.463423 [debug] [MainThread]: Snowflake adapter: Setting botocore to ERROR (file logging only)
[0m13:14:21.463589 [debug] [MainThread]: Snowflake adapter: Setting boto3 to ERROR (file logging only)
[0m13:14:21.602734 [debug] [MainThread]: Sending event: {'category': 'dbt', 'action': 'project_id', 'label': 'a99d8e2c-cb1f-4cd7-9ede-e3a88f9353d0', 'context': [<snowplow_tracker.self_describing_json.SelfDescribingJson object at 0x10890d390>]}
[0m13:14:21.636073 [debug] [MainThread]: Sending event: {'category': 'dbt', 'action': 'adapter_info', 'label': 'a99d8e2c-cb1f-4cd7-9ede-e3a88f9353d0', 'context': [<snowplow_tracker.self_describing_json.SelfDescribingJson object at 0x105abe890>]}
[0m13:14:21.636596 [info ] [MainThread]: Registered adapter: snowflake=1.11.5
[0m13:14:21.710270 [debug] [MainThread]: checksum: 30a8cc8fdcbf66701b0944d4ccce3fa46dd04b61e5df68b9f16d57b2e0e3f0be, vars: {}, profile: , target: , version: 1.11.11
[0m13:14:21.710702 [info ] [MainThread]: Unable to do partial parsing because saved manifest not found. Starting full parse.
[0m13:14:21.710907 [debug] [MainThread]: Sending event: {'category': 'dbt', 'action': 'partial_parser', 'label': 'a99d8e2c-cb1f-4cd7-9ede-e3a88f9353d0', 'context': [<snowplow_tracker.self_describing_json.SelfDescribingJson object at 0x10f5b83d0>]}
[0m13:14:22.340089 [warn ] [MainThread]: [[33mWARNING[0m]: Configuration paths exist in your dbt_project.yml file which do not apply to any resources.
There are 2 unused configuration paths:
- models.dbt_finflow.gold
- models.dbt_finflow.silver
[0m13:14:22.344723 [debug] [MainThread]: Sending event: {'category': 'dbt', 'action': 'load_project', 'label': 'a99d8e2c-cb1f-4cd7-9ede-e3a88f9353d0', 'context': [<snowplow_tracker.self_describing_json.SelfDescribingJson object at 0x10fe1be10>]}
[0m13:14:22.385882 [debug] [MainThread]: Wrote artifact WritableManifest to /Users/parin/Documents/finflow_analytics/dbt_finflow/target/manifest.json
[0m13:14:22.387023 [debug] [MainThread]: Wrote artifact SemanticManifest to /Users/parin/Documents/finflow_analytics/dbt_finflow/target/semantic_manifest.json
[0m13:14:22.392932 [debug] [MainThread]: Sending event: {'category': 'dbt', 'action': 'resource_counts', 'label': 'a99d8e2c-cb1f-4cd7-9ede-e3a88f9353d0', 'context': [<snowplow_tracker.self_describing_json.SelfDescribingJson object at 0x10fc92910>]}
[0m13:14:22.393164 [info ] [MainThread]: Found 1 model, 1 source, 536 macros
[0m13:14:22.393336 [debug] [MainThread]: Sending event: {'category': 'dbt', 'action': 'runnable_timing', 'label': 'a99d8e2c-cb1f-4cd7-9ede-e3a88f9353d0', 'context': [<snowplow_tracker.self_describing_json.SelfDescribingJson object at 0x10fbc4a50>]}
[0m13:14:22.394067 [info ] [MainThread]: 
[0m13:14:22.394232 [info ] [MainThread]: Concurrency: 1 threads (target='dev')
[0m13:14:22.394364 [info ] [MainThread]: 
[0m13:14:22.394585 [debug] [MainThread]: Acquiring new snowflake connection 'master'
[0m13:14:22.394976 [debug] [ThreadPool]: Acquiring new snowflake connection 'list_FINFLOW'
[0m13:14:22.426812 [debug] [ThreadPool]: Using snowflake connection "list_FINFLOW"
[0m13:14:22.427034 [debug] [ThreadPool]: On list_FINFLOW: show terse schemas in database FINFLOW
    limit 10000
/* {"app": "dbt", "dbt_version": "1.11.11", "profile_name": "dbt_finflow", "target_name": "dev", "connection_name": "list_FINFLOW"} */
[0m13:14:22.427186 [debug] [ThreadPool]: Opening a new connection, currently in state init
[0m13:14:23.072367 [debug] [ThreadPool]: Snowflake adapter: Error running SQL: show terse schemas in database FINFLOW
    limit 10000
/* {"app": "dbt", "dbt_version": "1.11.11", "profile_name": "dbt_finflow", "target_name": "dev", "connection_name": "list_FINFLOW"} */
[0m13:14:23.073426 [debug] [ThreadPool]: Snowflake adapter: Rolling back transaction.
[0m13:14:23.074103 [debug] [ThreadPool]: Snowflake adapter: Error running SQL: macro list_schemas
[0m13:14:23.074522 [debug] [ThreadPool]: Snowflake adapter: Rolling back transaction.
[0m13:14:23.075683 [debug] [MainThread]: Connection 'master' was properly closed.
[0m13:14:23.076091 [debug] [MainThread]: Connection 'list_FINFLOW' was left open.
[0m13:14:23.076478 [debug] [MainThread]: On list_FINFLOW: No close available on handle
[0m13:14:23.076891 [info ] [MainThread]: 
[0m13:14:23.077559 [info ] [MainThread]: Finished running  in 0 hours 0 minutes and 0.68 seconds (0.68s).
[0m13:14:23.078804 [error] [MainThread]: Encountered an error:
Runtime Error
  Database error while listing schemas in database "FINFLOW"
  Database Error
    250001 (08001): Failed to connect to DB: AMRJGLO-JC74238.snowflakecomputing.com:443. Failed to authenticate: MFA authentication is required, but none of your current MFA methods are supported for programmatic authentication.
[0m13:14:23.112914 [debug] [MainThread]: Resource report: {"command_name": "run", "command_success": false, "command_wall_clock_time": 2.6485431, "process_in_blocks": "0", "process_kernel_time": 0.357946, "process_mem_max_rss": "228425728", "process_out_blocks": "0", "process_user_time": 1.798775}
[0m13:14:23.113564 [debug] [MainThread]: Command `dbt run` failed at 13:14:23.113469 after 2.65 seconds
[0m13:14:23.114032 [debug] [MainThread]: Sending event: {'category': 'dbt', 'action': 'invocation', 'label': 'end', 'context': [<snowplow_tracker.self_describing_json.SelfDescribingJson object at 0x101018450>, <snowplow_tracker.self_describing_json.SelfDescribingJson object at 0x105ae67d0>, <snowplow_tracker.self_describing_json.SelfDescribingJson object at 0x10103fb50>]}
[0m13:14:23.114484 [debug] [MainThread]: Flushing usage events
[0m13:14:23.227790 [debug] [MainThread]: An error was encountered while trying to flush usage events
[0m13:14:52.763186 [debug] [MainThread]: Sending event: {'category': 'dbt', 'action': 'invocation', 'label': 'start', 'context': [<snowplow_tracker.self_describing_json.SelfDescribingJson object at 0x119284390>, <snowplow_tracker.self_describing_json.SelfDescribingJson object at 0x119386c10>, <snowplow_tracker.self_describing_json.SelfDescribingJson object at 0x119387290>]}


============================== 13:14:52.766197 | 97938fe4-94b6-491a-888a-da208ae17f15 ==============================
[0m13:14:52.766197 [info ] [MainThread]: Running with dbt=1.11.11
[0m13:14:52.766515 [debug] [MainThread]: running dbt with arguments {'version_check': 'True', 'indirect_selection': 'eager', 'introspect': 'True', 'profiles_dir': '/Users/parin/.dbt', 'printer_width': '80', 'debug': 'False', 'log_format': 'default', 'warn_error_options': 'WarnErrorOptionsV2(error=[], warn=[], silence=[])', 'log_path': '/Users/parin/Documents/finflow_analytics/dbt_finflow/logs', 'use_colors': 'True', 'send_anonymous_usage_stats': 'True', 'empty': 'False', 'write_json': 'True', 'no_print': 'None', 'use_experimental_parser': 'False', 'cache_selected_only': 'False', 'static_parser': 'True', 'target_path': 'None', 'log_cache_events': 'False', 'quiet': 'False', 'fail_fast': 'False', 'warn_error': 'None', 'invocation_command': 'dbt run', 'partial_parse': 'True'}
[0m13:14:53.512389 [debug] [MainThread]: Snowflake adapter: Setting snowflake.connector to ERROR (file logging only)
[0m13:14:53.512702 [debug] [MainThread]: Snowflake adapter: Setting botocore to ERROR (file logging only)
[0m13:14:53.512869 [debug] [MainThread]: Snowflake adapter: Setting boto3 to ERROR (file logging only)
[0m13:14:53.625921 [debug] [MainThread]: Sending event: {'category': 'dbt', 'action': 'project_id', 'label': '97938fe4-94b6-491a-888a-da208ae17f15', 'context': [<snowplow_tracker.self_describing_json.SelfDescribingJson object at 0x11fc4e790>]}
[0m13:14:53.659543 [debug] [MainThread]: Sending event: {'category': 'dbt', 'action': 'adapter_info', 'label': '97938fe4-94b6-491a-888a-da208ae17f15', 'context': [<snowplow_tracker.self_describing_json.SelfDescribingJson object at 0x118f92a90>]}
[0m13:14:53.660070 [info ] [MainThread]: Registered adapter: snowflake=1.11.5
[0m13:14:53.734448 [debug] [MainThread]: checksum: 30a8cc8fdcbf66701b0944d4ccce3fa46dd04b61e5df68b9f16d57b2e0e3f0be, vars: {}, profile: , target: , version: 1.11.11
[0m13:14:53.813553 [debug] [MainThread]: Partial parsing enabled: 0 files deleted, 0 files added, 0 files changed.
[0m13:14:53.813764 [debug] [MainThread]: Nothing changed, skipping partial parsing.
[0m13:14:53.813902 [debug] [MainThread]: Partial parsing enabled, no changes found, skipping parsing
[0m13:14:53.816501 [warn ] [MainThread]: [[33mWARNING[0m]: Configuration paths exist in your dbt_project.yml file which do not apply to any resources.
There are 2 unused configuration paths:
- models.dbt_finflow.gold
- models.dbt_finflow.silver
[0m13:14:53.844066 [debug] [MainThread]: Sending event: {'category': 'dbt', 'action': 'load_project', 'label': '97938fe4-94b6-491a-888a-da208ae17f15', 'context': [<snowplow_tracker.self_describing_json.SelfDescribingJson object at 0x12d432c90>]}
[0m13:14:53.931521 [debug] [MainThread]: Wrote artifact WritableManifest to /Users/parin/Documents/finflow_analytics/dbt_finflow/target/manifest.json
[0m13:14:53.932981 [debug] [MainThread]: Wrote artifact SemanticManifest to /Users/parin/Documents/finflow_analytics/dbt_finflow/target/semantic_manifest.json
[0m13:14:53.938981 [debug] [MainThread]: Sending event: {'category': 'dbt', 'action': 'resource_counts', 'label': '97938fe4-94b6-491a-888a-da208ae17f15', 'context': [<snowplow_tracker.self_describing_json.SelfDescribingJson object at 0x12cf44950>]}
[0m13:14:53.939248 [info ] [MainThread]: Found 1 model, 1 source, 536 macros
[0m13:14:53.939422 [debug] [MainThread]: Sending event: {'category': 'dbt', 'action': 'runnable_timing', 'label': '97938fe4-94b6-491a-888a-da208ae17f15', 'context': [<snowplow_tracker.self_describing_json.SelfDescribingJson object at 0x12d52b490>]}
[0m13:14:53.940248 [info ] [MainThread]: 
[0m13:14:53.940446 [info ] [MainThread]: Concurrency: 1 threads (target='dev')
[0m13:14:53.940623 [info ] [MainThread]: 
[0m13:14:53.940879 [debug] [MainThread]: Acquiring new snowflake connection 'master'
[0m13:14:53.941358 [debug] [ThreadPool]: Acquiring new snowflake connection 'list_FINFLOW'
[0m13:14:53.975610 [debug] [ThreadPool]: Using snowflake connection "list_FINFLOW"
[0m13:14:53.975885 [debug] [ThreadPool]: On list_FINFLOW: show terse schemas in database FINFLOW
    limit 10000
/* {"app": "dbt", "dbt_version": "1.11.11", "profile_name": "dbt_finflow", "target_name": "dev", "connection_name": "list_FINFLOW"} */
[0m13:14:53.976044 [debug] [ThreadPool]: Opening a new connection, currently in state init
[0m13:14:54.660530 [debug] [ThreadPool]: Snowflake adapter: Error running SQL: show terse schemas in database FINFLOW
    limit 10000
/* {"app": "dbt", "dbt_version": "1.11.11", "profile_name": "dbt_finflow", "target_name": "dev", "connection_name": "list_FINFLOW"} */
[0m13:14:54.661565 [debug] [ThreadPool]: Snowflake adapter: Rolling back transaction.
[0m13:14:54.662298 [debug] [ThreadPool]: Snowflake adapter: Error running SQL: macro list_schemas
[0m13:14:54.662714 [debug] [ThreadPool]: Snowflake adapter: Rolling back transaction.
[0m13:14:54.664231 [debug] [MainThread]: Connection 'master' was properly closed.
[0m13:14:54.664756 [debug] [MainThread]: Connection 'list_FINFLOW' was left open.
[0m13:14:54.665193 [debug] [MainThread]: On list_FINFLOW: No close available on handle
[0m13:14:54.665656 [info ] [MainThread]: 
[0m13:14:54.666178 [info ] [MainThread]: Finished running  in 0 hours 0 minutes and 0.72 seconds (0.72s).
[0m13:14:54.666950 [error] [MainThread]: Encountered an error:
Runtime Error
  Database error while listing schemas in database "FINFLOW"
  Database Error
    250001 (08001): Failed to connect to DB: AMRJGLO-JC74238.snowflakecomputing.com:443. Failed to authenticate: MFA authentication is required, but none of your current MFA methods are supported for programmatic authentication.
[0m13:14:54.673986 [debug] [MainThread]: Resource report: {"command_name": "run", "command_success": false, "command_wall_clock_time": 1.9596522, "process_in_blocks": "0", "process_kernel_time": 0.355013, "process_mem_max_rss": "219774976", "process_out_blocks": "0", "process_user_time": 1.3235}
[0m13:14:54.674413 [debug] [MainThread]: Command `dbt run` failed at 13:14:54.674359 after 1.96 seconds
[0m13:14:54.674866 [debug] [MainThread]: Sending event: {'category': 'dbt', 'action': 'invocation', 'label': 'end', 'context': [<snowplow_tracker.self_describing_json.SelfDescribingJson object at 0x119361b90>, <snowplow_tracker.self_describing_json.SelfDescribingJson object at 0x119360410>, <snowplow_tracker.self_describing_json.SelfDescribingJson object at 0x12cf241d0>]}
[0m13:14:54.675126 [debug] [MainThread]: Flushing usage events
[0m13:14:54.766924 [debug] [MainThread]: An error was encountered while trying to flush usage events
[0m13:15:12.509016 [debug] [MainThread]: Sending event: {'category': 'dbt', 'action': 'invocation', 'label': 'start', 'context': [<snowplow_tracker.self_describing_json.SelfDescribingJson object at 0x1073fd9d0>, <snowplow_tracker.self_describing_json.SelfDescribingJson object at 0x1074fedd0>, <snowplow_tracker.self_describing_json.SelfDescribingJson object at 0x1074ff450>]}


============================== 13:15:12.511781 | 6ba71b1a-5290-4304-a1d6-ccddcf737bab ==============================
[0m13:15:12.511781 [info ] [MainThread]: Running with dbt=1.11.11
[0m13:15:12.512088 [debug] [MainThread]: running dbt with arguments {'cache_selected_only': 'False', 'send_anonymous_usage_stats': 'True', 'invocation_command': 'dbt run', 'target_path': 'None', 'introspect': 'True', 'version_check': 'True', 'warn_error_options': 'WarnErrorOptionsV2(error=[], warn=[], silence=[])', 'partial_parse': 'True', 'printer_width': '80', 'static_parser': 'True', 'indirect_selection': 'eager', 'quiet': 'False', 'log_format': 'default', 'use_experimental_parser': 'False', 'profiles_dir': '/Users/parin/.dbt', 'log_path': '/Users/parin/Documents/finflow_analytics/dbt_finflow/logs', 'use_colors': 'True', 'fail_fast': 'False', 'no_print': 'None', 'log_cache_events': 'False', 'empty': 'False', 'write_json': 'True', 'debug': 'False', 'warn_error': 'None'}
[0m13:15:13.223986 [debug] [MainThread]: Snowflake adapter: Setting snowflake.connector to ERROR (file logging only)
[0m13:15:13.224275 [debug] [MainThread]: Snowflake adapter: Setting botocore to ERROR (file logging only)
[0m13:15:13.224440 [debug] [MainThread]: Snowflake adapter: Setting boto3 to ERROR (file logging only)
[0m13:15:13.363614 [debug] [MainThread]: Sending event: {'category': 'dbt', 'action': 'project_id', 'label': '6ba71b1a-5290-4304-a1d6-ccddcf737bab', 'context': [<snowplow_tracker.self_describing_json.SelfDescribingJson object at 0x10dea3c50>]}
[0m13:15:13.397234 [debug] [MainThread]: Sending event: {'category': 'dbt', 'action': 'adapter_info', 'label': '6ba71b1a-5290-4304-a1d6-ccddcf737bab', 'context': [<snowplow_tracker.self_describing_json.SelfDescribingJson object at 0x10730a6d0>]}
[0m13:15:13.397795 [info ] [MainThread]: Registered adapter: snowflake=1.11.5
[0m13:15:13.472554 [debug] [MainThread]: checksum: 30a8cc8fdcbf66701b0944d4ccce3fa46dd04b61e5df68b9f16d57b2e0e3f0be, vars: {}, profile: , target: , version: 1.11.11
[0m13:15:13.559003 [debug] [MainThread]: Partial parsing enabled: 0 files deleted, 0 files added, 0 files changed.
[0m13:15:13.559236 [debug] [MainThread]: Nothing changed, skipping partial parsing.
[0m13:15:13.559373 [debug] [MainThread]: Partial parsing enabled, no changes found, skipping parsing
[0m13:15:13.562094 [warn ] [MainThread]: [[33mWARNING[0m]: Configuration paths exist in your dbt_project.yml file which do not apply to any resources.
There are 2 unused configuration paths:
- models.dbt_finflow.silver
- models.dbt_finflow.gold
[0m13:15:13.575976 [debug] [MainThread]: Sending event: {'category': 'dbt', 'action': 'load_project', 'label': '6ba71b1a-5290-4304-a1d6-ccddcf737bab', 'context': [<snowplow_tracker.self_describing_json.SelfDescribingJson object at 0x10e3705d0>]}
[0m13:15:13.619867 [debug] [MainThread]: Wrote artifact WritableManifest to /Users/parin/Documents/finflow_analytics/dbt_finflow/target/manifest.json
[0m13:15:13.620971 [debug] [MainThread]: Wrote artifact SemanticManifest to /Users/parin/Documents/finflow_analytics/dbt_finflow/target/semantic_manifest.json
[0m13:15:13.626466 [debug] [MainThread]: Sending event: {'category': 'dbt', 'action': 'resource_counts', 'label': '6ba71b1a-5290-4304-a1d6-ccddcf737bab', 'context': [<snowplow_tracker.self_describing_json.SelfDescribingJson object at 0x10df99950>]}
[0m13:15:13.626698 [info ] [MainThread]: Found 1 model, 1 source, 536 macros
[0m13:15:13.626866 [debug] [MainThread]: Sending event: {'category': 'dbt', 'action': 'runnable_timing', 'label': '6ba71b1a-5290-4304-a1d6-ccddcf737bab', 'context': [<snowplow_tracker.self_describing_json.SelfDescribingJson object at 0x10df6ea50>]}
[0m13:15:13.627628 [info ] [MainThread]: 
[0m13:15:13.627790 [info ] [MainThread]: Concurrency: 1 threads (target='dev')
[0m13:15:13.627920 [info ] [MainThread]: 
[0m13:15:13.628151 [debug] [MainThread]: Acquiring new snowflake connection 'master'
[0m13:15:13.628542 [debug] [ThreadPool]: Acquiring new snowflake connection 'list_FINFLOW'
[0m13:15:13.662969 [debug] [ThreadPool]: Using snowflake connection "list_FINFLOW"
[0m13:15:13.663194 [debug] [ThreadPool]: On list_FINFLOW: show terse schemas in database FINFLOW
    limit 10000
/* {"app": "dbt", "dbt_version": "1.11.11", "profile_name": "dbt_finflow", "target_name": "dev", "connection_name": "list_FINFLOW"} */
[0m13:15:13.663347 [debug] [ThreadPool]: Opening a new connection, currently in state init
[0m13:15:14.435605 [debug] [ThreadPool]: SQL status: SUCCESS 3 in 0.772 seconds
[0m13:15:14.437719 [debug] [ThreadPool]: Re-using an available connection from the pool (formerly list_FINFLOW, now create_FINFLOW_SILVER_SILVER)
[0m13:15:14.438230 [debug] [ThreadPool]: Creating schema "database: "FINFLOW"
schema: "SILVER_SILVER"
"
[0m13:15:14.444090 [debug] [ThreadPool]: Using snowflake connection "create_FINFLOW_SILVER_SILVER"
[0m13:15:14.444533 [debug] [ThreadPool]: On create_FINFLOW_SILVER_SILVER: create schema if not exists FINFLOW.SILVER_SILVER
/* {"app": "dbt", "dbt_version": "1.11.11", "profile_name": "dbt_finflow", "target_name": "dev", "connection_name": "create_FINFLOW_SILVER_SILVER"} */
[0m13:15:14.579794 [debug] [ThreadPool]: SQL status: SUCCESS 1 in 0.135 seconds
[0m13:15:14.600268 [debug] [ThreadPool]: Re-using an available connection from the pool (formerly create_FINFLOW_SILVER_SILVER, now list_FINFLOW_SILVER_SILVER)
[0m13:15:14.614974 [debug] [ThreadPool]: Using snowflake connection "list_FINFLOW_SILVER_SILVER"
[0m13:15:14.615277 [debug] [ThreadPool]: On list_FINFLOW_SILVER_SILVER: show objects in FINFLOW.SILVER_SILVER
    limit 10000
    

/* {"app": "dbt", "dbt_version": "1.11.11", "profile_name": "dbt_finflow", "target_name": "dev", "connection_name": "list_FINFLOW_SILVER_SILVER"} */;
[0m13:15:14.699463 [debug] [ThreadPool]: SQL status: SUCCESS 0 in 0.084 seconds
[0m13:15:14.702689 [debug] [MainThread]: Sending event: {'category': 'dbt', 'action': 'runnable_timing', 'label': '6ba71b1a-5290-4304-a1d6-ccddcf737bab', 'context': [<snowplow_tracker.self_describing_json.SelfDescribingJson object at 0x10e1fd610>]}
[0m13:15:14.706401 [debug] [Thread-2 (]: Began running node model.dbt_finflow.stg_transactions
[0m13:15:14.707137 [info ] [Thread-2 (]: 1 of 1 START sql view model SILVER_SILVER.stg_transactions ..................... [RUN]
[0m13:15:14.707791 [debug] [Thread-2 (]: Re-using an available connection from the pool (formerly list_FINFLOW_SILVER_SILVER, now model.dbt_finflow.stg_transactions)
[0m13:15:14.709035 [debug] [Thread-2 (]: Began compiling node model.dbt_finflow.stg_transactions
[0m13:15:14.720529 [debug] [Thread-2 (]: Writing injected SQL for node "model.dbt_finflow.stg_transactions"
[0m13:15:14.722169 [debug] [Thread-2 (]: Began executing node model.dbt_finflow.stg_transactions
[0m13:15:14.749362 [debug] [Thread-2 (]: Writing runtime sql for node "model.dbt_finflow.stg_transactions"
[0m13:15:14.750564 [debug] [Thread-2 (]: Using snowflake connection "model.dbt_finflow.stg_transactions"
[0m13:15:14.750844 [debug] [Thread-2 (]: On model.dbt_finflow.stg_transactions: create or replace   view FINFLOW.SILVER_SILVER.stg_transactions
  
  
  
  
  as (
    with stage as (
    SELECT * from FINFLOW.BRONZE.RAW_TRANSACTIONS
)

select transaction_id,user_id,MERCHANT_ID,round(AMOUNT,2),TIMESTAMP,LOCATION, DEVICE_TYPE, IS_FRAUD, COUNT(*) as occurrence_count
from stage
  )
/* {"app": "dbt", "dbt_version": "1.11.11", "profile_name": "dbt_finflow", "target_name": "dev", "node_id": "model.dbt_finflow.stg_transactions"} */;
[0m13:15:14.902835 [debug] [Thread-2 (]: Snowflake adapter: Snowflake query id: 01c50c4b-0105-ea30-000e-5cbe001f5fca
[0m13:15:14.903240 [debug] [Thread-2 (]: Snowflake adapter: Snowflake error: 002022 (42601): SQL compilation error:
Missing column specification
[0m13:15:14.906759 [debug] [Thread-2 (]: Database Error in model stg_transactions (models/staging/stg_transactions.sql)
  002022 (42601): SQL compilation error:
  Missing column specification
  compiled code at target/run/dbt_finflow/models/staging/stg_transactions.sql
[0m13:15:14.908690 [debug] [Thread-2 (]: Sending event: {'category': 'dbt', 'action': 'run_model', 'label': '6ba71b1a-5290-4304-a1d6-ccddcf737bab', 'context': [<snowplow_tracker.self_describing_json.SelfDescribingJson object at 0x10e3323d0>]}
[0m13:15:14.909183 [error] [Thread-2 (]: 1 of 1 ERROR creating sql view model SILVER_SILVER.stg_transactions ............ [[31mERROR[0m in 0.20s]
[0m13:15:14.909565 [debug] [Thread-2 (]: Finished running node model.dbt_finflow.stg_transactions
[0m13:15:14.909928 [debug] [Thread-5 (]: Marking all children of 'model.dbt_finflow.stg_transactions' to be skipped because of status 'error'.  Reason: Database Error in model stg_transactions (models/staging/stg_transactions.sql)
  002022 (42601): SQL compilation error:
  Missing column specification
  compiled code at target/run/dbt_finflow/models/staging/stg_transactions.sql.
[0m13:15:14.910966 [debug] [MainThread]: Connection 'master' was properly closed.
[0m13:15:14.911159 [debug] [MainThread]: Connection 'model.dbt_finflow.stg_transactions' was left open.
[0m13:15:14.911339 [debug] [MainThread]: On model.dbt_finflow.stg_transactions: Close
[0m13:15:15.014149 [info ] [MainThread]: 
[0m13:15:15.014631 [info ] [MainThread]: Finished running 1 view model in 0 hours 0 minutes and 1.39 seconds (1.39s).
[0m13:15:15.015321 [debug] [MainThread]: Command end result
[0m13:15:15.099164 [debug] [MainThread]: Wrote artifact WritableManifest to /Users/parin/Documents/finflow_analytics/dbt_finflow/target/manifest.json
[0m13:15:15.100139 [debug] [MainThread]: Wrote artifact SemanticManifest to /Users/parin/Documents/finflow_analytics/dbt_finflow/target/semantic_manifest.json
[0m13:15:15.103154 [debug] [MainThread]: Wrote artifact RunExecutionResult to /Users/parin/Documents/finflow_analytics/dbt_finflow/target/run_results.json
[0m13:15:15.103350 [info ] [MainThread]: 
[0m13:15:15.103558 [info ] [MainThread]: [31mCompleted with 1 error, 0 partial successes, and 0 warnings:[0m
[0m13:15:15.103711 [info ] [MainThread]: 
[0m13:15:15.103898 [error] [MainThread]: [31mFailure in model stg_transactions (models/staging/stg_transactions.sql)[0m
[0m13:15:15.104069 [error] [MainThread]:   Database Error in model stg_transactions (models/staging/stg_transactions.sql)
  002022 (42601): SQL compilation error:
  Missing column specification
  compiled code at target/run/dbt_finflow/models/staging/stg_transactions.sql
[0m13:15:15.104206 [info ] [MainThread]: 
[0m13:15:15.104365 [info ] [MainThread]:   compiled code at target/compiled/dbt_finflow/models/staging/stg_transactions.sql
[0m13:15:15.104493 [info ] [MainThread]: 
[0m13:15:15.104634 [info ] [MainThread]: Done. PASS=0 WARN=0 ERROR=1 SKIP=0 NO-OP=0 TOTAL=1
[0m13:15:15.109602 [debug] [MainThread]: Resource report: {"command_name": "run", "command_success": false, "command_wall_clock_time": 2.6500318, "process_in_blocks": "0", "process_kernel_time": 0.349454, "process_mem_max_rss": "220856320", "process_out_blocks": "0", "process_user_time": 1.444978}
[0m13:15:15.109829 [debug] [MainThread]: Command `dbt run` failed at 13:15:15.109793 after 2.65 seconds
[0m13:15:15.110032 [debug] [MainThread]: Sending event: {'category': 'dbt', 'action': 'invocation', 'label': 'end', 'context': [<snowplow_tracker.self_describing_json.SelfDescribingJson object at 0x102864450>, <snowplow_tracker.self_describing_json.SelfDescribingJson object at 0x102865690>, <snowplow_tracker.self_describing_json.SelfDescribingJson object at 0x1152b0e90>]}
[0m13:15:15.110211 [debug] [MainThread]: Flushing usage events
[0m13:15:15.210890 [debug] [MainThread]: An error was encountered while trying to flush usage events
[0m13:17:10.133213 [debug] [MainThread]: Sending event: {'category': 'dbt', 'action': 'invocation', 'label': 'start', 'context': [<snowplow_tracker.self_describing_json.SelfDescribingJson object at 0x107ba9b50>, <snowplow_tracker.self_describing_json.SelfDescribingJson object at 0x107caab50>, <snowplow_tracker.self_describing_json.SelfDescribingJson object at 0x107cab1d0>]}


============================== 13:17:10.136082 | 4081bcfa-92e4-4344-a4c7-0d6ff2e488c1 ==============================
[0m13:17:10.136082 [info ] [MainThread]: Running with dbt=1.11.11
[0m13:17:10.136425 [debug] [MainThread]: running dbt with arguments {'static_parser': 'True', 'warn_error': 'None', 'invocation_command': 'dbt run', 'cache_selected_only': 'False', 'log_path': '/Users/parin/Documents/finflow_analytics/dbt_finflow/logs', 'introspect': 'True', 'profiles_dir': '/Users/parin/.dbt', 'partial_parse': 'True', 'debug': 'False', 'printer_width': '80', 'log_cache_events': 'False', 'empty': 'False', 'warn_error_options': 'WarnErrorOptionsV2(error=[], warn=[], silence=[])', 'target_path': 'None', 'no_print': 'None', 'indirect_selection': 'eager', 'use_experimental_parser': 'False', 'send_anonymous_usage_stats': 'True', 'use_colors': 'True', 'log_format': 'default', 'write_json': 'True', 'fail_fast': 'False', 'version_check': 'True', 'quiet': 'False'}
[0m13:17:10.906913 [debug] [MainThread]: Snowflake adapter: Setting snowflake.connector to ERROR (file logging only)
[0m13:17:10.907224 [debug] [MainThread]: Snowflake adapter: Setting botocore to ERROR (file logging only)
[0m13:17:10.907384 [debug] [MainThread]: Snowflake adapter: Setting boto3 to ERROR (file logging only)
[0m13:17:11.057481 [debug] [MainThread]: Sending event: {'category': 'dbt', 'action': 'project_id', 'label': '4081bcfa-92e4-4344-a4c7-0d6ff2e488c1', 'context': [<snowplow_tracker.self_describing_json.SelfDescribingJson object at 0x10753d610>]}
[0m13:17:11.091175 [debug] [MainThread]: Sending event: {'category': 'dbt', 'action': 'adapter_info', 'label': '4081bcfa-92e4-4344-a4c7-0d6ff2e488c1', 'context': [<snowplow_tracker.self_describing_json.SelfDescribingJson object at 0x107ab6810>]}
[0m13:17:11.091747 [info ] [MainThread]: Registered adapter: snowflake=1.11.5
[0m13:17:11.168090 [debug] [MainThread]: checksum: 30a8cc8fdcbf66701b0944d4ccce3fa46dd04b61e5df68b9f16d57b2e0e3f0be, vars: {}, profile: , target: , version: 1.11.11
[0m13:17:11.249718 [debug] [MainThread]: Partial parsing enabled: 0 files deleted, 0 files added, 1 files changed.
[0m13:17:11.249988 [debug] [MainThread]: Partial parsing: updated file: dbt_finflow://models/staging/stg_transactions.sql
[0m13:17:11.387964 [warn ] [MainThread]: [[33mWARNING[0m]: Configuration paths exist in your dbt_project.yml file which do not apply to any resources.
There are 2 unused configuration paths:
- models.dbt_finflow.gold
- models.dbt_finflow.silver
[0m13:17:11.393754 [debug] [MainThread]: Sending event: {'category': 'dbt', 'action': 'load_project', 'label': '4081bcfa-92e4-4344-a4c7-0d6ff2e488c1', 'context': [<snowplow_tracker.self_describing_json.SelfDescribingJson object at 0x1112e2d50>]}
[0m13:17:11.449907 [debug] [MainThread]: Wrote artifact WritableManifest to /Users/parin/Documents/finflow_analytics/dbt_finflow/target/manifest.json
[0m13:17:11.451161 [debug] [MainThread]: Wrote artifact SemanticManifest to /Users/parin/Documents/finflow_analytics/dbt_finflow/target/semantic_manifest.json
[0m13:17:11.456846 [debug] [MainThread]: Sending event: {'category': 'dbt', 'action': 'resource_counts', 'label': '4081bcfa-92e4-4344-a4c7-0d6ff2e488c1', 'context': [<snowplow_tracker.self_describing_json.SelfDescribingJson object at 0x10eb28a90>]}
[0m13:17:11.457082 [info ] [MainThread]: Found 1 model, 1 source, 536 macros
[0m13:17:11.457251 [debug] [MainThread]: Sending event: {'category': 'dbt', 'action': 'runnable_timing', 'label': '4081bcfa-92e4-4344-a4c7-0d6ff2e488c1', 'context': [<snowplow_tracker.self_describing_json.SelfDescribingJson object at 0x111537dd0>]}
[0m13:17:11.458020 [info ] [MainThread]: 
[0m13:17:11.458208 [info ] [MainThread]: Concurrency: 1 threads (target='dev')
[0m13:17:11.458339 [info ] [MainThread]: 
[0m13:17:11.458567 [debug] [MainThread]: Acquiring new snowflake connection 'master'
[0m13:17:11.458976 [debug] [ThreadPool]: Acquiring new snowflake connection 'list_FINFLOW'
[0m13:17:11.535010 [debug] [ThreadPool]: Using snowflake connection "list_FINFLOW"
[0m13:17:11.535267 [debug] [ThreadPool]: On list_FINFLOW: show terse schemas in database FINFLOW
    limit 10000
/* {"app": "dbt", "dbt_version": "1.11.11", "profile_name": "dbt_finflow", "target_name": "dev", "connection_name": "list_FINFLOW"} */
[0m13:17:11.535411 [debug] [ThreadPool]: Opening a new connection, currently in state init
[0m13:17:12.280403 [debug] [ThreadPool]: SQL status: SUCCESS 4 in 0.745 seconds
[0m13:17:12.284761 [debug] [ThreadPool]: Re-using an available connection from the pool (formerly list_FINFLOW, now list_FINFLOW_SILVER_SILVER)
[0m13:17:12.298911 [debug] [ThreadPool]: Using snowflake connection "list_FINFLOW_SILVER_SILVER"
[0m13:17:12.299282 [debug] [ThreadPool]: On list_FINFLOW_SILVER_SILVER: show objects in FINFLOW.SILVER_SILVER
    limit 10000
    

/* {"app": "dbt", "dbt_version": "1.11.11", "profile_name": "dbt_finflow", "target_name": "dev", "connection_name": "list_FINFLOW_SILVER_SILVER"} */;
[0m13:17:12.410145 [debug] [ThreadPool]: SQL status: SUCCESS 0 in 0.110 seconds
[0m13:17:12.413657 [debug] [MainThread]: Sending event: {'category': 'dbt', 'action': 'runnable_timing', 'label': '4081bcfa-92e4-4344-a4c7-0d6ff2e488c1', 'context': [<snowplow_tracker.self_describing_json.SelfDescribingJson object at 0x10ea34750>]}
[0m13:17:12.418637 [debug] [Thread-2 (]: Began running node model.dbt_finflow.stg_transactions
[0m13:17:12.419485 [info ] [Thread-2 (]: 1 of 1 START sql view model SILVER_SILVER.stg_transactions ..................... [RUN]
[0m13:17:12.420143 [debug] [Thread-2 (]: Re-using an available connection from the pool (formerly list_FINFLOW_SILVER_SILVER, now model.dbt_finflow.stg_transactions)
[0m13:17:12.420582 [debug] [Thread-2 (]: Began compiling node model.dbt_finflow.stg_transactions
[0m13:17:12.430724 [debug] [Thread-2 (]: Writing injected SQL for node "model.dbt_finflow.stg_transactions"
[0m13:17:12.432173 [debug] [Thread-2 (]: Began executing node model.dbt_finflow.stg_transactions
[0m13:17:12.456206 [debug] [Thread-2 (]: Writing runtime sql for node "model.dbt_finflow.stg_transactions"
[0m13:17:12.457223 [debug] [Thread-2 (]: Using snowflake connection "model.dbt_finflow.stg_transactions"
[0m13:17:12.457522 [debug] [Thread-2 (]: On model.dbt_finflow.stg_transactions: create or replace   view FINFLOW.SILVER_SILVER.stg_transactions
  
  
  
  
  as (
    -- CTE 1: source — just select from Bronze
-- CTE 2: deduplicate — remove duplicate transaction_ids
-- CTE 3: clean — round amount, cast types
-- Final SELECT — output everything including processed_at

with source as (
    SELECT * from FINFLOW.BRONZE.RAW_TRANSACTIONS
),
deduplicate as (
    select *, ROW_NUMBER() OVER (PARTITION BY TRANSACTION_ID
    ORDER BY (TIMESTAMP) ) AS rn 
    FROM source 
),
final as (
    select TRANSACTION_ID, USER_ID, MERCHANT_ID, ROUND(AMOUNT,2) as Amount, TIMESTAMP,LOCATION,DEVICE_TYPE,IS_FRAUD ,
    from deduplicate 
    where rn = 1

)

select *, CURRENT_TIMESTAMP() AS processed_at from final
  )
/* {"app": "dbt", "dbt_version": "1.11.11", "profile_name": "dbt_finflow", "target_name": "dev", "node_id": "model.dbt_finflow.stg_transactions"} */;
[0m13:17:12.879188 [debug] [Thread-2 (]: SQL status: SUCCESS 1 in 0.421 seconds
[0m13:17:12.911642 [debug] [Thread-2 (]: Sending event: {'category': 'dbt', 'action': 'run_model', 'label': '4081bcfa-92e4-4344-a4c7-0d6ff2e488c1', 'context': [<snowplow_tracker.self_describing_json.SelfDescribingJson object at 0x111879c10>]}
[0m13:17:12.912291 [info ] [Thread-2 (]: 1 of 1 OK created sql view model SILVER_SILVER.stg_transactions ................ [[32mSUCCESS 1[0m in 0.49s]
[0m13:17:12.912785 [debug] [Thread-2 (]: Finished running node model.dbt_finflow.stg_transactions
[0m13:17:12.913680 [debug] [MainThread]: Connection 'master' was properly closed.
[0m13:17:12.913913 [debug] [MainThread]: Connection 'model.dbt_finflow.stg_transactions' was left open.
[0m13:17:12.914133 [debug] [MainThread]: On model.dbt_finflow.stg_transactions: Close
[0m13:17:13.035397 [info ] [MainThread]: 
[0m13:17:13.035830 [info ] [MainThread]: Finished running 1 view model in 0 hours 0 minutes and 1.58 seconds (1.58s).
[0m13:17:13.036400 [debug] [MainThread]: Command end result
[0m13:17:13.066598 [debug] [MainThread]: Wrote artifact WritableManifest to /Users/parin/Documents/finflow_analytics/dbt_finflow/target/manifest.json
[0m13:17:13.067652 [debug] [MainThread]: Wrote artifact SemanticManifest to /Users/parin/Documents/finflow_analytics/dbt_finflow/target/semantic_manifest.json
[0m13:17:13.071247 [debug] [MainThread]: Wrote artifact RunExecutionResult to /Users/parin/Documents/finflow_analytics/dbt_finflow/target/run_results.json
[0m13:17:13.071441 [info ] [MainThread]: 
[0m13:17:13.071664 [info ] [MainThread]: [32mCompleted successfully[0m
[0m13:17:13.071824 [info ] [MainThread]: 
[0m13:17:13.071994 [info ] [MainThread]: Done. PASS=1 WARN=0 ERROR=0 SKIP=0 NO-OP=0 TOTAL=1
[0m13:17:13.073887 [debug] [MainThread]: Resource report: {"command_name": "run", "command_success": true, "command_wall_clock_time": 2.9905462, "process_in_blocks": "0", "process_kernel_time": 0.365228, "process_mem_max_rss": "223936512", "process_out_blocks": "0", "process_user_time": 1.576271}
[0m13:17:13.074120 [debug] [MainThread]: Command `dbt run` succeeded at 13:17:13.074080 after 2.99 seconds
[0m13:17:13.074314 [debug] [MainThread]: Sending event: {'category': 'dbt', 'action': 'invocation', 'label': 'end', 'context': [<snowplow_tracker.self_describing_json.SelfDescribingJson object at 0x103011510>, <snowplow_tracker.self_describing_json.SelfDescribingJson object at 0x1030116d0>, <snowplow_tracker.self_describing_json.SelfDescribingJson object at 0x103037bd0>]}
[0m13:17:13.074506 [debug] [MainThread]: Flushing usage events
[0m13:17:13.175492 [debug] [MainThread]: An error was encountered while trying to flush usage events
[0m14:06:57.544420 [debug] [MainThread]: Sending event: {'category': 'dbt', 'action': 'invocation', 'label': 'start', 'context': [<snowplow_tracker.self_describing_json.SelfDescribingJson object at 0x10520d690>, <snowplow_tracker.self_describing_json.SelfDescribingJson object at 0x10530eb10>, <snowplow_tracker.self_describing_json.SelfDescribingJson object at 0x10530f150>]}


============================== 14:06:57.547383 | 6d815728-102a-4872-98da-e231a015bf43 ==============================
[0m14:06:57.547383 [info ] [MainThread]: Running with dbt=1.11.11
[0m14:06:57.547725 [debug] [MainThread]: running dbt with arguments {'introspect': 'True', 'warn_error': 'None', 'quiet': 'False', 'debug': 'False', 'log_path': '/Users/parin/Documents/finflow_analytics/dbt_finflow/logs', 'no_print': 'None', 'version_check': 'True', 'fail_fast': 'False', 'profiles_dir': '/Users/parin/.dbt', 'use_experimental_parser': 'False', 'partial_parse': 'True', 'empty': 'False', 'warn_error_options': 'WarnErrorOptionsV2(error=[], warn=[], silence=[])', 'use_colors': 'True', 'cache_selected_only': 'False', 'write_json': 'True', 'invocation_command': 'dbt run', 'indirect_selection': 'eager', 'static_parser': 'True', 'send_anonymous_usage_stats': 'True', 'log_format': 'default', 'printer_width': '80', 'target_path': 'None', 'log_cache_events': 'False'}
[0m14:06:59.474960 [debug] [MainThread]: Snowflake adapter: Setting snowflake.connector to ERROR (file logging only)
[0m14:06:59.475298 [debug] [MainThread]: Snowflake adapter: Setting botocore to ERROR (file logging only)
[0m14:06:59.475496 [debug] [MainThread]: Snowflake adapter: Setting boto3 to ERROR (file logging only)
[0m14:06:59.615676 [debug] [MainThread]: Sending event: {'category': 'dbt', 'action': 'project_id', 'label': '6d815728-102a-4872-98da-e231a015bf43', 'context': [<snowplow_tracker.self_describing_json.SelfDescribingJson object at 0x104b57e50>]}
[0m14:06:59.649265 [debug] [MainThread]: Sending event: {'category': 'dbt', 'action': 'adapter_info', 'label': '6d815728-102a-4872-98da-e231a015bf43', 'context': [<snowplow_tracker.self_describing_json.SelfDescribingJson object at 0x10511aa10>]}
[0m14:06:59.649753 [info ] [MainThread]: Registered adapter: snowflake=1.11.5
[0m14:06:59.727484 [debug] [MainThread]: checksum: 30a8cc8fdcbf66701b0944d4ccce3fa46dd04b61e5df68b9f16d57b2e0e3f0be, vars: {}, profile: , target: , version: 1.11.11
[0m14:06:59.809658 [debug] [MainThread]: Partial parsing enabled: 0 files deleted, 1 files added, 1 files changed.
[0m14:06:59.809931 [debug] [MainThread]: Partial parsing: added file: dbt_finflow://models/silver/customer_profiles.sql
[0m14:06:59.810119 [debug] [MainThread]: Partial parsing: updated file: dbt_finflow://models/staging/stg_transactions.sql
[0m14:06:59.924932 [error] [MainThread]: Encountered an error:
Compilation Error
  Model 'model.dbt_finflow.stg_transactions' (models/staging/stg_transactions.sql) depends on a source named 'finflow_bronze.RAW_TRANSACTIONS' which was not found
[0m14:06:59.926962 [debug] [MainThread]: Resource report: {"command_name": "run", "command_success": false, "command_wall_clock_time": 2.4342303, "process_in_blocks": "0", "process_kernel_time": 0.347337, "process_mem_max_rss": "210010112", "process_out_blocks": "0", "process_user_time": 1.329412}
[0m14:06:59.927250 [debug] [MainThread]: Command `dbt run` failed at 14:06:59.927205 after 2.43 seconds
[0m14:06:59.927447 [debug] [MainThread]: Sending event: {'category': 'dbt', 'action': 'invocation', 'label': 'end', 'context': [<snowplow_tracker.self_describing_json.SelfDescribingJson object at 0x1052e0dd0>, <snowplow_tracker.self_describing_json.SelfDescribingJson object at 0x10402dd50>, <snowplow_tracker.self_describing_json.SelfDescribingJson object at 0x100675810>]}
[0m14:06:59.927630 [debug] [MainThread]: Flushing usage events
[0m14:07:00.042749 [debug] [MainThread]: An error was encountered while trying to flush usage events
[0m14:11:29.992147 [debug] [MainThread]: Sending event: {'category': 'dbt', 'action': 'invocation', 'label': 'start', 'context': [<snowplow_tracker.self_describing_json.SelfDescribingJson object at 0x1078a9d90>, <snowplow_tracker.self_describing_json.SelfDescribingJson object at 0x1079aa8d0>, <snowplow_tracker.self_describing_json.SelfDescribingJson object at 0x1079aaf10>]}


============================== 14:11:29.995015 | 9c3dbefb-9188-4e6d-a2fc-7dc0af2798b5 ==============================
[0m14:11:29.995015 [info ] [MainThread]: Running with dbt=1.11.11
[0m14:11:29.995360 [debug] [MainThread]: running dbt with arguments {'version_check': 'True', 'warn_error_options': 'WarnErrorOptionsV2(error=[], warn=[], silence=[])', 'no_print': 'None', 'debug': 'False', 'introspect': 'True', 'quiet': 'False', 'target_path': 'None', 'cache_selected_only': 'False', 'printer_width': '80', 'use_experimental_parser': 'False', 'write_json': 'True', 'log_format': 'default', 'log_cache_events': 'False', 'indirect_selection': 'eager', 'static_parser': 'True', 'profiles_dir': '/Users/parin/.dbt', 'partial_parse': 'True', 'warn_error': 'None', 'log_path': '/Users/parin/Documents/finflow_analytics/dbt_finflow/logs', 'fail_fast': 'False', 'empty': 'False', 'send_anonymous_usage_stats': 'True', 'use_colors': 'True', 'invocation_command': 'dbt run'}
[0m14:11:30.737227 [debug] [MainThread]: Snowflake adapter: Setting snowflake.connector to ERROR (file logging only)
[0m14:11:30.737571 [debug] [MainThread]: Snowflake adapter: Setting botocore to ERROR (file logging only)
[0m14:11:30.737745 [debug] [MainThread]: Snowflake adapter: Setting boto3 to ERROR (file logging only)
[0m14:11:30.884807 [debug] [MainThread]: Sending event: {'category': 'dbt', 'action': 'project_id', 'label': '9c3dbefb-9188-4e6d-a2fc-7dc0af2798b5', 'context': [<snowplow_tracker.self_describing_json.SelfDescribingJson object at 0x106aee790>]}
[0m14:11:30.918452 [debug] [MainThread]: Sending event: {'category': 'dbt', 'action': 'adapter_info', 'label': '9c3dbefb-9188-4e6d-a2fc-7dc0af2798b5', 'context': [<snowplow_tracker.self_describing_json.SelfDescribingJson object at 0x1077b6750>]}
[0m14:11:30.919063 [info ] [MainThread]: Registered adapter: snowflake=1.11.5
[0m14:11:30.994957 [debug] [MainThread]: checksum: 30a8cc8fdcbf66701b0944d4ccce3fa46dd04b61e5df68b9f16d57b2e0e3f0be, vars: {}, profile: , target: , version: 1.11.11
[0m14:11:31.076933 [debug] [MainThread]: Partial parsing enabled: 0 files deleted, 1 files added, 1 files changed.
[0m14:11:31.077200 [debug] [MainThread]: Partial parsing: added file: dbt_finflow://models/silver/customer_profiles.sql
[0m14:11:31.077382 [debug] [MainThread]: Partial parsing: updated file: dbt_finflow://models/staging/stg_transactions.sql
[0m14:11:31.189805 [error] [MainThread]: Encountered an error:
Compilation Error
  Model 'model.dbt_finflow.stg_transactions' (models/staging/stg_transactions.sql) depends on a source named 'finflow_bronze.RAW_TRANSACTIONS' which was not found
[0m14:11:31.191797 [debug] [MainThread]: Resource report: {"command_name": "run", "command_success": false, "command_wall_clock_time": 1.2502459, "process_in_blocks": "0", "process_kernel_time": 0.306345, "process_mem_max_rss": "214892544", "process_out_blocks": "0", "process_user_time": 1.280002}
[0m14:11:31.192116 [debug] [MainThread]: Command `dbt run` failed at 14:11:31.192065 after 1.25 seconds
[0m14:11:31.192330 [debug] [MainThread]: Sending event: {'category': 'dbt', 'action': 'invocation', 'label': 'end', 'context': [<snowplow_tracker.self_describing_json.SelfDescribingJson object at 0x1078a2b90>, <snowplow_tracker.self_describing_json.SelfDescribingJson object at 0x102d10450>, <snowplow_tracker.self_describing_json.SelfDescribingJson object at 0x102d10490>]}
[0m14:11:31.192531 [debug] [MainThread]: Flushing usage events
[0m14:11:31.300467 [debug] [MainThread]: An error was encountered while trying to flush usage events
[0m14:12:11.478509 [debug] [MainThread]: Sending event: {'category': 'dbt', 'action': 'invocation', 'label': 'start', 'context': [<snowplow_tracker.self_describing_json.SelfDescribingJson object at 0x106a84590>, <snowplow_tracker.self_describing_json.SelfDescribingJson object at 0x106b86810>, <snowplow_tracker.self_describing_json.SelfDescribingJson object at 0x106b86e90>]}


============================== 14:12:11.481387 | e8615c85-4af7-4828-a47a-904b1080d965 ==============================
[0m14:12:11.481387 [info ] [MainThread]: Running with dbt=1.11.11
[0m14:12:11.481718 [debug] [MainThread]: running dbt with arguments {'write_json': 'True', 'send_anonymous_usage_stats': 'True', 'log_path': '/Users/parin/Documents/finflow_analytics/dbt_finflow/logs', 'warn_error': 'None', 'profiles_dir': '/Users/parin/.dbt', 'quiet': 'False', 'no_print': 'None', 'use_colors': 'True', 'target_path': 'None', 'warn_error_options': 'WarnErrorOptionsV2(error=[], warn=[], silence=[])', 'printer_width': '80', 'empty': 'False', 'introspect': 'True', 'version_check': 'True', 'partial_parse': 'True', 'use_experimental_parser': 'False', 'debug': 'False', 'log_cache_events': 'False', 'fail_fast': 'False', 'static_parser': 'True', 'indirect_selection': 'eager', 'invocation_command': 'dbt run', 'cache_selected_only': 'False', 'log_format': 'default'}
[0m14:12:12.207466 [debug] [MainThread]: Snowflake adapter: Setting snowflake.connector to ERROR (file logging only)
[0m14:12:12.207755 [debug] [MainThread]: Snowflake adapter: Setting botocore to ERROR (file logging only)
[0m14:12:12.207921 [debug] [MainThread]: Snowflake adapter: Setting boto3 to ERROR (file logging only)
[0m14:12:12.311834 [debug] [MainThread]: Sending event: {'category': 'dbt', 'action': 'project_id', 'label': 'e8615c85-4af7-4828-a47a-904b1080d965', 'context': [<snowplow_tracker.self_describing_json.SelfDescribingJson object at 0x11f604210>]}
[0m14:12:12.344982 [debug] [MainThread]: Sending event: {'category': 'dbt', 'action': 'adapter_info', 'label': 'e8615c85-4af7-4828-a47a-904b1080d965', 'context': [<snowplow_tracker.self_describing_json.SelfDescribingJson object at 0x106892910>]}
[0m14:12:12.345547 [info ] [MainThread]: Registered adapter: snowflake=1.11.5
[0m14:12:12.423752 [debug] [MainThread]: checksum: 30a8cc8fdcbf66701b0944d4ccce3fa46dd04b61e5df68b9f16d57b2e0e3f0be, vars: {}, profile: , target: , version: 1.11.11
[0m14:12:12.502123 [debug] [MainThread]: Partial parsing enabled: 0 files deleted, 1 files added, 1 files changed.
[0m14:12:12.502378 [debug] [MainThread]: Partial parsing: added file: dbt_finflow://models/silver/customer_profiles.sql
[0m14:12:12.502558 [debug] [MainThread]: Partial parsing: updated file: dbt_finflow://models/staging/stg_transactions.sql
[0m14:12:12.613344 [error] [MainThread]: Encountered an error:
Compilation Error
  Model 'model.dbt_finflow.stg_transactions' (models/staging/stg_transactions.sql) depends on a source named 'finflow_bronze.RAW_TRANSACTIONS' which was not found
[0m14:12:12.615362 [debug] [MainThread]: Resource report: {"command_name": "run", "command_success": false, "command_wall_clock_time": 1.1828269, "process_in_blocks": "0", "process_kernel_time": 0.299305, "process_mem_max_rss": "212533248", "process_out_blocks": "0", "process_user_time": 1.244062}
[0m14:12:12.615634 [debug] [MainThread]: Command `dbt run` failed at 14:12:12.615587 after 1.18 seconds
[0m14:12:12.615822 [debug] [MainThread]: Sending event: {'category': 'dbt', 'action': 'invocation', 'label': 'end', 'context': [<snowplow_tracker.self_describing_json.SelfDescribingJson object at 0x106b87190>, <snowplow_tracker.self_describing_json.SelfDescribingJson object at 0x106612390>, <snowplow_tracker.self_describing_json.SelfDescribingJson object at 0x10103d850>]}
[0m14:12:12.616003 [debug] [MainThread]: Flushing usage events
[0m14:12:12.729140 [debug] [MainThread]: An error was encountered while trying to flush usage events
[0m14:13:29.999195 [debug] [MainThread]: Sending event: {'category': 'dbt', 'action': 'invocation', 'label': 'start', 'context': [<snowplow_tracker.self_describing_json.SelfDescribingJson object at 0x1253855d0>, <snowplow_tracker.self_describing_json.SelfDescribingJson object at 0x125486fd0>, <snowplow_tracker.self_describing_json.SelfDescribingJson object at 0x125487610>]}


============================== 14:13:30.002027 | 94493a85-48c0-4779-a747-da8b3fb4d850 ==============================
[0m14:13:30.002027 [info ] [MainThread]: Running with dbt=1.11.11
[0m14:13:30.002384 [debug] [MainThread]: running dbt with arguments {'warn_error_options': 'WarnErrorOptionsV2(error=[], warn=[], silence=[])', 'write_json': 'True', 'no_print': 'None', 'use_experimental_parser': 'False', 'quiet': 'False', 'partial_parse': 'True', 'cache_selected_only': 'False', 'introspect': 'True', 'invocation_command': 'dbt run', 'use_colors': 'True', 'log_path': '/Users/parin/Documents/finflow_analytics/dbt_finflow/logs', 'indirect_selection': 'eager', 'static_parser': 'True', 'warn_error': 'None', 'empty': 'False', 'printer_width': '80', 'log_cache_events': 'False', 'send_anonymous_usage_stats': 'True', 'debug': 'False', 'log_format': 'default', 'version_check': 'True', 'target_path': 'None', 'fail_fast': 'False', 'profiles_dir': '/Users/parin/.dbt'}
[0m14:13:30.773067 [debug] [MainThread]: Snowflake adapter: Setting snowflake.connector to ERROR (file logging only)
[0m14:13:30.773424 [debug] [MainThread]: Snowflake adapter: Setting botocore to ERROR (file logging only)
[0m14:13:30.773597 [debug] [MainThread]: Snowflake adapter: Setting boto3 to ERROR (file logging only)
[0m14:13:30.923797 [debug] [MainThread]: Sending event: {'category': 'dbt', 'action': 'project_id', 'label': '94493a85-48c0-4779-a747-da8b3fb4d850', 'context': [<snowplow_tracker.self_describing_json.SelfDescribingJson object at 0x134646590>]}
[0m14:13:30.957652 [debug] [MainThread]: Sending event: {'category': 'dbt', 'action': 'adapter_info', 'label': '94493a85-48c0-4779-a747-da8b3fb4d850', 'context': [<snowplow_tracker.self_describing_json.SelfDescribingJson object at 0x1252927d0>]}
[0m14:13:30.958225 [info ] [MainThread]: Registered adapter: snowflake=1.11.5
[0m14:13:31.033858 [debug] [MainThread]: checksum: 30a8cc8fdcbf66701b0944d4ccce3fa46dd04b61e5df68b9f16d57b2e0e3f0be, vars: {}, profile: , target: , version: 1.11.11
[0m14:13:31.115750 [debug] [MainThread]: Partial parsing enabled: 0 files deleted, 1 files added, 1 files changed.
[0m14:13:31.116020 [debug] [MainThread]: Partial parsing: added file: dbt_finflow://models/silver/customer_profiles.sql
[0m14:13:31.116214 [debug] [MainThread]: Partial parsing: updated file: dbt_finflow://models/staging/stg_transactions.sql
[0m14:13:31.231730 [error] [MainThread]: Encountered an error:
Compilation Error
  Model 'model.dbt_finflow.stg_transactions' (models/staging/stg_transactions.sql) depends on a source named 'finflow_bronze.RAW_TRANSACTIONS' which was not found
[0m14:13:31.233602 [debug] [MainThread]: Resource report: {"command_name": "run", "command_success": false, "command_wall_clock_time": 1.2854939, "process_in_blocks": "0", "process_kernel_time": 0.308911, "process_mem_max_rss": "207142912", "process_out_blocks": "0", "process_user_time": 1.271171}
[0m14:13:31.233903 [debug] [MainThread]: Command `dbt run` failed at 14:13:31.233852 after 1.29 seconds
[0m14:13:31.234107 [debug] [MainThread]: Sending event: {'category': 'dbt', 'action': 'invocation', 'label': 'end', 'context': [<snowplow_tracker.self_describing_json.SelfDescribingJson object at 0x1254bf9d0>, <snowplow_tracker.self_describing_json.SelfDescribingJson object at 0x1252d55d0>, <snowplow_tracker.self_describing_json.SelfDescribingJson object at 0x104c1d810>]}
[0m14:13:31.234291 [debug] [MainThread]: Flushing usage events
[0m14:13:31.363054 [debug] [MainThread]: An error was encountered while trying to flush usage events
[0m14:13:41.376120 [debug] [MainThread]: Sending event: {'category': 'dbt', 'action': 'invocation', 'label': 'start', 'context': [<snowplow_tracker.self_describing_json.SelfDescribingJson object at 0x10ac840d0>, <snowplow_tracker.self_describing_json.SelfDescribingJson object at 0x10ad86910>, <snowplow_tracker.self_describing_json.SelfDescribingJson object at 0x10ad86f90>]}


============================== 14:13:41.379142 | 5c09177f-ae2a-4ee7-8278-3064bacdf5b7 ==============================
[0m14:13:41.379142 [info ] [MainThread]: Running with dbt=1.11.11
[0m14:13:41.379458 [debug] [MainThread]: running dbt with arguments {'cache_selected_only': 'False', 'target_path': 'None', 'empty': 'False', 'send_anonymous_usage_stats': 'True', 'version_check': 'True', 'debug': 'False', 'warn_error_options': 'WarnErrorOptionsV2(error=[], warn=[], silence=[])', 'invocation_command': 'dbt run', 'introspect': 'True', 'fail_fast': 'False', 'log_format': 'default', 'log_cache_events': 'False', 'static_parser': 'True', 'write_json': 'True', 'warn_error': 'None', 'use_colors': 'True', 'partial_parse': 'True', 'no_print': 'None', 'indirect_selection': 'eager', 'profiles_dir': '/Users/parin/.dbt', 'printer_width': '80', 'quiet': 'False', 'use_experimental_parser': 'False', 'log_path': '/Users/parin/Documents/finflow_analytics/dbt_finflow/logs'}
[0m14:13:42.196330 [debug] [MainThread]: Snowflake adapter: Setting snowflake.connector to ERROR (file logging only)
[0m14:13:42.196629 [debug] [MainThread]: Snowflake adapter: Setting botocore to ERROR (file logging only)
[0m14:13:42.196787 [debug] [MainThread]: Snowflake adapter: Setting boto3 to ERROR (file logging only)
[0m14:13:42.301818 [debug] [MainThread]: Sending event: {'category': 'dbt', 'action': 'project_id', 'label': '5c09177f-ae2a-4ee7-8278-3064bacdf5b7', 'context': [<snowplow_tracker.self_describing_json.SelfDescribingJson object at 0x10ad22410>]}
[0m14:13:42.335766 [debug] [MainThread]: Sending event: {'category': 'dbt', 'action': 'adapter_info', 'label': '5c09177f-ae2a-4ee7-8278-3064bacdf5b7', 'context': [<snowplow_tracker.self_describing_json.SelfDescribingJson object at 0x10ab928d0>]}
[0m14:13:42.336907 [info ] [MainThread]: Registered adapter: snowflake=1.11.5
[0m14:13:42.412205 [debug] [MainThread]: checksum: 30a8cc8fdcbf66701b0944d4ccce3fa46dd04b61e5df68b9f16d57b2e0e3f0be, vars: {}, profile: , target: , version: 1.11.11
[0m14:13:42.492135 [debug] [MainThread]: Partial parsing enabled: 0 files deleted, 1 files added, 1 files changed.
[0m14:13:42.492407 [debug] [MainThread]: Partial parsing: added file: dbt_finflow://models/silver/customer_profiles.sql
[0m14:13:42.492591 [debug] [MainThread]: Partial parsing: updated file: dbt_finflow://models/staging/stg_transactions.sql
[0m14:13:42.697170 [error] [MainThread]: Encountered an error:
Compilation Error
  Model 'model.dbt_finflow.stg_transactions' (models/staging/stg_transactions.sql) depends on a source named 'finflow_bronze.RAW_TRANSACTIONS' which was not found
[0m14:13:42.699252 [debug] [MainThread]: Resource report: {"command_name": "run", "command_success": false, "command_wall_clock_time": 1.3717672, "process_in_blocks": "0", "process_kernel_time": 0.299858, "process_mem_max_rss": "204701696", "process_out_blocks": "0", "process_user_time": 1.340401}
[0m14:13:42.699557 [debug] [MainThread]: Command `dbt run` failed at 14:13:42.699509 after 1.37 seconds
[0m14:13:42.699754 [debug] [MainThread]: Sending event: {'category': 'dbt', 'action': 'invocation', 'label': 'end', 'context': [<snowplow_tracker.self_describing_json.SelfDescribingJson object at 0x10ad60950>, <snowplow_tracker.self_describing_json.SelfDescribingJson object at 0x11f8053d0>, <snowplow_tracker.self_describing_json.SelfDescribingJson object at 0x1042b1690>]}
[0m14:13:42.699939 [debug] [MainThread]: Flushing usage events
[0m14:13:42.797801 [debug] [MainThread]: An error was encountered while trying to flush usage events
[0m14:15:05.830503 [debug] [MainThread]: Sending event: {'category': 'dbt', 'action': 'invocation', 'label': 'start', 'context': [<snowplow_tracker.self_describing_json.SelfDescribingJson object at 0x108ef6050>, <snowplow_tracker.self_describing_json.SelfDescribingJson object at 0x108fd4d50>, <snowplow_tracker.self_describing_json.SelfDescribingJson object at 0x108ef7b10>]}


============================== 14:15:05.833329 | e5cb202c-0c99-415b-87f1-a05303ffc0c1 ==============================
[0m14:15:05.833329 [info ] [MainThread]: Running with dbt=1.11.11
[0m14:15:05.833695 [debug] [MainThread]: running dbt with arguments {'use_experimental_parser': 'False', 'log_cache_events': 'False', 'log_path': '/Users/parin/Documents/finflow_analytics/dbt_finflow/logs', 'printer_width': '80', 'debug': 'False', 'warn_error': 'None', 'invocation_command': 'dbt run', 'warn_error_options': 'WarnErrorOptionsV2(error=[], warn=[], silence=[])', 'profiles_dir': '/Users/parin/.dbt', 'introspect': 'True', 'partial_parse': 'True', 'log_format': 'default', 'target_path': 'None', 'no_print': 'None', 'quiet': 'False', 'empty': 'False', 'use_colors': 'True', 'send_anonymous_usage_stats': 'True', 'indirect_selection': 'eager', 'version_check': 'True', 'fail_fast': 'False', 'write_json': 'True', 'cache_selected_only': 'False', 'static_parser': 'True'}
[0m14:15:06.590309 [debug] [MainThread]: Snowflake adapter: Setting snowflake.connector to ERROR (file logging only)
[0m14:15:06.590602 [debug] [MainThread]: Snowflake adapter: Setting botocore to ERROR (file logging only)
[0m14:15:06.590765 [debug] [MainThread]: Snowflake adapter: Setting boto3 to ERROR (file logging only)
[0m14:15:06.737587 [debug] [MainThread]: Sending event: {'category': 'dbt', 'action': 'project_id', 'label': 'e5cb202c-0c99-415b-87f1-a05303ffc0c1', 'context': [<snowplow_tracker.self_describing_json.SelfDescribingJson object at 0x10bc4f590>]}
[0m14:15:06.771039 [debug] [MainThread]: Sending event: {'category': 'dbt', 'action': 'adapter_info', 'label': 'e5cb202c-0c99-415b-87f1-a05303ffc0c1', 'context': [<snowplow_tracker.self_describing_json.SelfDescribingJson object at 0x108e0a750>]}
[0m14:15:06.771573 [info ] [MainThread]: Registered adapter: snowflake=1.11.5
[0m14:15:06.849409 [debug] [MainThread]: checksum: 30a8cc8fdcbf66701b0944d4ccce3fa46dd04b61e5df68b9f16d57b2e0e3f0be, vars: {}, profile: , target: , version: 1.11.11
[0m14:15:06.932925 [debug] [MainThread]: Partial parsing enabled: 1 files deleted, 2 files added, 1 files changed.
[0m14:15:06.933228 [debug] [MainThread]: Partial parsing: added file: dbt_finflow://models/staging/sources.yml
[0m14:15:06.933384 [debug] [MainThread]: Partial parsing: added file: dbt_finflow://models/silver/customer_profiles.sql
[0m14:15:06.933582 [debug] [MainThread]: Partial parsing: updated file: dbt_finflow://models/staging/stg_transactions.sql
[0m14:15:07.101755 [error] [MainThread]: Encountered an error:
Compilation Error
  Model 'model.dbt_finflow.stg_transactions' (models/staging/stg_transactions.sql) depends on a source named 'finflow_bronze.RAW_TRANSACTIONS' which was not found
[0m14:15:07.103888 [debug] [MainThread]: Resource report: {"command_name": "run", "command_success": false, "command_wall_clock_time": 1.3239477, "process_in_blocks": "0", "process_kernel_time": 0.319621, "process_mem_max_rss": "214204416", "process_out_blocks": "0", "process_user_time": 1.325142}
[0m14:15:07.104153 [debug] [MainThread]: Command `dbt run` failed at 14:15:07.104110 after 1.32 seconds
[0m14:15:07.104367 [debug] [MainThread]: Sending event: {'category': 'dbt', 'action': 'invocation', 'label': 'end', 'context': [<snowplow_tracker.self_describing_json.SelfDescribingJson object at 0x104364450>, <snowplow_tracker.self_describing_json.SelfDescribingJson object at 0x11268d750>, <snowplow_tracker.self_describing_json.SelfDescribingJson object at 0x1128af890>]}
[0m14:15:07.104567 [debug] [MainThread]: Flushing usage events
[0m14:15:07.218118 [debug] [MainThread]: An error was encountered while trying to flush usage events
[0m14:15:23.730603 [debug] [MainThread]: Sending event: {'category': 'dbt', 'action': 'invocation', 'label': 'start', 'context': [<snowplow_tracker.self_describing_json.SelfDescribingJson object at 0x105467250>, <snowplow_tracker.self_describing_json.SelfDescribingJson object at 0x10556eed0>, <snowplow_tracker.self_describing_json.SelfDescribingJson object at 0x10556f550>]}


============================== 14:15:23.733864 | 5442c4e1-0034-46d3-a33e-ed27fe3ec5e4 ==============================
[0m14:15:23.733864 [info ] [MainThread]: Running with dbt=1.11.11
[0m14:15:23.734224 [debug] [MainThread]: running dbt with arguments {'log_cache_events': 'False', 'warn_error': 'None', 'profiles_dir': '/Users/parin/.dbt', 'send_anonymous_usage_stats': 'True', 'write_json': 'True', 'warn_error_options': 'WarnErrorOptionsV2(error=[], warn=[], silence=[])', 'static_parser': 'True', 'no_print': 'None', 'cache_selected_only': 'False', 'quiet': 'False', 'log_format': 'default', 'indirect_selection': 'eager', 'empty': 'False', 'introspect': 'True', 'use_experimental_parser': 'False', 'use_colors': 'True', 'target_path': 'None', 'printer_width': '80', 'debug': 'False', 'partial_parse': 'True', 'invocation_command': 'dbt run', 'log_path': '/Users/parin/Documents/finflow_analytics/dbt_finflow/logs', 'version_check': 'True', 'fail_fast': 'False'}
[0m14:15:24.454806 [debug] [MainThread]: Snowflake adapter: Setting snowflake.connector to ERROR (file logging only)
[0m14:15:24.455119 [debug] [MainThread]: Snowflake adapter: Setting botocore to ERROR (file logging only)
[0m14:15:24.455279 [debug] [MainThread]: Snowflake adapter: Setting boto3 to ERROR (file logging only)
[0m14:15:24.560125 [debug] [MainThread]: Sending event: {'category': 'dbt', 'action': 'project_id', 'label': '5442c4e1-0034-46d3-a33e-ed27fe3ec5e4', 'context': [<snowplow_tracker.self_describing_json.SelfDescribingJson object at 0x10bf063d0>]}
[0m14:15:24.593873 [debug] [MainThread]: Sending event: {'category': 'dbt', 'action': 'adapter_info', 'label': '5442c4e1-0034-46d3-a33e-ed27fe3ec5e4', 'context': [<snowplow_tracker.self_describing_json.SelfDescribingJson object at 0x10461c0d0>]}
[0m14:15:24.594464 [info ] [MainThread]: Registered adapter: snowflake=1.11.5
[0m14:15:24.670773 [debug] [MainThread]: checksum: 30a8cc8fdcbf66701b0944d4ccce3fa46dd04b61e5df68b9f16d57b2e0e3f0be, vars: {}, profile: , target: , version: 1.11.11
[0m14:15:24.748405 [debug] [MainThread]: Partial parsing enabled: 1 files deleted, 2 files added, 1 files changed.
[0m14:15:24.748715 [debug] [MainThread]: Partial parsing: added file: dbt_finflow://models/staging/sources.yml
[0m14:15:24.748874 [debug] [MainThread]: Partial parsing: added file: dbt_finflow://models/silver/customer_profiles.sql
[0m14:15:24.749073 [debug] [MainThread]: Partial parsing: updated file: dbt_finflow://models/staging/stg_transactions.sql
[0m14:15:24.918121 [error] [MainThread]: Encountered an error:
Compilation Error
  Model 'model.dbt_finflow.stg_transactions' (models/staging/stg_transactions.sql) depends on a source named 'finflow_bronze.RAW_TRANSACTIONS' which was not found
[0m14:15:24.920658 [debug] [MainThread]: Resource report: {"command_name": "run", "command_success": false, "command_wall_clock_time": 1.2345945, "process_in_blocks": "0", "process_kernel_time": 0.268138, "process_mem_max_rss": "213221376", "process_out_blocks": "0", "process_user_time": 1.322961}
[0m14:15:24.920911 [debug] [MainThread]: Command `dbt run` failed at 14:15:24.920868 after 1.23 seconds
[0m14:15:24.921108 [debug] [MainThread]: Sending event: {'category': 'dbt', 'action': 'invocation', 'label': 'end', 'context': [<snowplow_tracker.self_describing_json.SelfDescribingJson object at 0x1055476d0>, <snowplow_tracker.self_describing_json.SelfDescribingJson object at 0x10c0d5750>, <snowplow_tracker.self_describing_json.SelfDescribingJson object at 0x10c0f46d0>]}
[0m14:15:24.921293 [debug] [MainThread]: Flushing usage events
[0m14:15:25.012414 [debug] [MainThread]: An error was encountered while trying to flush usage events
[0m14:16:19.746244 [debug] [MainThread]: Sending event: {'category': 'dbt', 'action': 'invocation', 'label': 'start', 'context': [<snowplow_tracker.self_describing_json.SelfDescribingJson object at 0x105649950>, <snowplow_tracker.self_describing_json.SelfDescribingJson object at 0x10574aed0>, <snowplow_tracker.self_describing_json.SelfDescribingJson object at 0x10574b510>]}


============================== 14:16:19.749081 | 5e09f414-6245-467a-82f6-3e3f41ff78c3 ==============================
[0m14:16:19.749081 [info ] [MainThread]: Running with dbt=1.11.11
[0m14:16:19.749392 [debug] [MainThread]: running dbt with arguments {'indirect_selection': 'eager', 'printer_width': '80', 'static_parser': 'True', 'log_format': 'default', 'log_path': '/Users/parin/Documents/finflow_analytics/dbt_finflow/logs', 'use_colors': 'True', 'fail_fast': 'False', 'partial_parse': 'True', 'invocation_command': 'dbt run', 'use_experimental_parser': 'False', 'log_cache_events': 'False', 'no_print': 'None', 'target_path': 'None', 'warn_error': 'None', 'introspect': 'True', 'version_check': 'True', 'quiet': 'False', 'cache_selected_only': 'False', 'write_json': 'True', 'profiles_dir': '/Users/parin/.dbt', 'empty': 'False', 'warn_error_options': 'WarnErrorOptionsV2(error=[], warn=[], silence=[])', 'send_anonymous_usage_stats': 'True', 'debug': 'False'}
[0m14:16:20.494143 [debug] [MainThread]: Snowflake adapter: Setting snowflake.connector to ERROR (file logging only)
[0m14:16:20.494448 [debug] [MainThread]: Snowflake adapter: Setting botocore to ERROR (file logging only)
[0m14:16:20.494613 [debug] [MainThread]: Snowflake adapter: Setting boto3 to ERROR (file logging only)
[0m14:16:20.640264 [debug] [MainThread]: Sending event: {'category': 'dbt', 'action': 'project_id', 'label': '5e09f414-6245-467a-82f6-3e3f41ff78c3', 'context': [<snowplow_tracker.self_describing_json.SelfDescribingJson object at 0x10c213ed0>]}
[0m14:16:20.673872 [debug] [MainThread]: Sending event: {'category': 'dbt', 'action': 'adapter_info', 'label': '5e09f414-6245-467a-82f6-3e3f41ff78c3', 'context': [<snowplow_tracker.self_describing_json.SelfDescribingJson object at 0x105556850>]}
[0m14:16:20.674423 [info ] [MainThread]: Registered adapter: snowflake=1.11.5
[0m14:16:20.750429 [debug] [MainThread]: checksum: 30a8cc8fdcbf66701b0944d4ccce3fa46dd04b61e5df68b9f16d57b2e0e3f0be, vars: {}, profile: , target: , version: 1.11.11
[0m14:16:20.835357 [debug] [MainThread]: Partial parsing enabled: 1 files deleted, 2 files added, 1 files changed.
[0m14:16:20.835722 [debug] [MainThread]: Partial parsing: added file: dbt_finflow://models/staging/sources.yml
[0m14:16:20.835899 [debug] [MainThread]: Partial parsing: added file: dbt_finflow://models/silver/customer_profiles.sql
[0m14:16:20.836125 [debug] [MainThread]: Partial parsing: updated file: dbt_finflow://models/staging/stg_transactions.sql
[0m14:16:21.031201 [warn ] [MainThread]: [[33mWARNING[0m]: Configuration paths exist in your dbt_project.yml file which do not apply to any resources.
There are 1 unused configuration paths:
- models.dbt_finflow.gold
[0m14:16:21.035485 [debug] [MainThread]: Sending event: {'category': 'dbt', 'action': 'load_project', 'label': '5e09f414-6245-467a-82f6-3e3f41ff78c3', 'context': [<snowplow_tracker.self_describing_json.SelfDescribingJson object at 0x10ee6b890>]}
[0m14:16:21.128095 [debug] [MainThread]: Wrote artifact WritableManifest to /Users/parin/Documents/finflow_analytics/dbt_finflow/target/manifest.json
[0m14:16:21.129865 [debug] [MainThread]: Wrote artifact SemanticManifest to /Users/parin/Documents/finflow_analytics/dbt_finflow/target/semantic_manifest.json
[0m14:16:21.135534 [debug] [MainThread]: Sending event: {'category': 'dbt', 'action': 'resource_counts', 'label': '5e09f414-6245-467a-82f6-3e3f41ff78c3', 'context': [<snowplow_tracker.self_describing_json.SelfDescribingJson object at 0x113266390>]}
[0m14:16:21.135787 [info ] [MainThread]: Found 2 models, 1 source, 536 macros
[0m14:16:21.135957 [debug] [MainThread]: Sending event: {'category': 'dbt', 'action': 'runnable_timing', 'label': '5e09f414-6245-467a-82f6-3e3f41ff78c3', 'context': [<snowplow_tracker.self_describing_json.SelfDescribingJson object at 0x1130c4790>]}
[0m14:16:21.136743 [info ] [MainThread]: 
[0m14:16:21.136917 [info ] [MainThread]: Concurrency: 1 threads (target='dev')
[0m14:16:21.137049 [info ] [MainThread]: 
[0m14:16:21.137271 [debug] [MainThread]: Acquiring new snowflake connection 'master'
[0m14:16:21.139285 [debug] [ThreadPool]: Acquiring new snowflake connection 'list_FINFLOW'
[0m14:16:21.171838 [debug] [ThreadPool]: Using snowflake connection "list_FINFLOW"
[0m14:16:21.172051 [debug] [ThreadPool]: On list_FINFLOW: show terse schemas in database FINFLOW
    limit 10000
/* {"app": "dbt", "dbt_version": "1.11.11", "profile_name": "dbt_finflow", "target_name": "dev", "connection_name": "list_FINFLOW"} */
[0m14:16:21.172190 [debug] [ThreadPool]: Opening a new connection, currently in state init
[0m14:16:22.069616 [debug] [ThreadPool]: SQL status: SUCCESS 4 in 0.897 seconds
[0m14:16:22.074959 [debug] [ThreadPool]: Re-using an available connection from the pool (formerly list_FINFLOW, now list_FINFLOW_SILVER_SILVER)
[0m14:16:22.091924 [debug] [ThreadPool]: Using snowflake connection "list_FINFLOW_SILVER_SILVER"
[0m14:16:22.092435 [debug] [ThreadPool]: On list_FINFLOW_SILVER_SILVER: show objects in FINFLOW.SILVER_SILVER
    limit 10000
    

/* {"app": "dbt", "dbt_version": "1.11.11", "profile_name": "dbt_finflow", "target_name": "dev", "connection_name": "list_FINFLOW_SILVER_SILVER"} */;
[0m14:16:22.311290 [debug] [ThreadPool]: SQL status: SUCCESS 1 in 0.218 seconds
[0m14:16:22.313664 [debug] [MainThread]: Sending event: {'category': 'dbt', 'action': 'runnable_timing', 'label': '5e09f414-6245-467a-82f6-3e3f41ff78c3', 'context': [<snowplow_tracker.self_describing_json.SelfDescribingJson object at 0x1130d8f10>]}
[0m14:16:22.316266 [debug] [Thread-2 (]: Began running node model.dbt_finflow.stg_transactions
[0m14:16:22.316757 [info ] [Thread-2 (]: 1 of 2 START sql view model SILVER_SILVER.stg_transactions ..................... [RUN]
[0m14:16:22.317259 [debug] [Thread-2 (]: Re-using an available connection from the pool (formerly list_FINFLOW_SILVER_SILVER, now model.dbt_finflow.stg_transactions)
[0m14:16:22.317653 [debug] [Thread-2 (]: Began compiling node model.dbt_finflow.stg_transactions
[0m14:16:22.325776 [debug] [Thread-2 (]: Writing injected SQL for node "model.dbt_finflow.stg_transactions"
[0m14:16:22.326584 [debug] [Thread-2 (]: Began executing node model.dbt_finflow.stg_transactions
[0m14:16:22.346321 [debug] [Thread-2 (]: Writing runtime sql for node "model.dbt_finflow.stg_transactions"
[0m14:16:22.347345 [debug] [Thread-2 (]: Using snowflake connection "model.dbt_finflow.stg_transactions"
[0m14:16:22.347636 [debug] [Thread-2 (]: On model.dbt_finflow.stg_transactions: create or replace   view FINFLOW.SILVER_SILVER.stg_transactions
  
  
  
  
  as (
    -- CTE 1: source — just select from Bronze
-- CTE 2: deduplicate — remove duplicate transaction_ids
-- CTE 3: clean — round amount, cast types
-- Final SELECT — output everything including processed_at

with source as (
    SELECT * from FINFLOW.BRONZE.RAW_TRANSACTIONS
),
deduplicate as (
    select *, ROW_NUMBER() OVER (PARTITION BY TRANSACTION_ID
    ORDER BY (TIMESTAMP) ) AS rn 
    FROM source 
),
final as (
    select TRANSACTION_ID, USER_ID, MERCHANT_ID, ROUND(AMOUNT,2) as Amount, TIMESTAMP,LOCATION,DEVICE_TYPE,IS_FRAUD
    from deduplicate 
    where rn = 1

)

select *, CURRENT_TIMESTAMP() AS processed_at from final
  )
/* {"app": "dbt", "dbt_version": "1.11.11", "profile_name": "dbt_finflow", "target_name": "dev", "node_id": "model.dbt_finflow.stg_transactions"} */;
[0m14:16:22.707305 [debug] [Thread-2 (]: SQL status: SUCCESS 1 in 0.359 seconds
[0m14:16:22.739707 [debug] [Thread-2 (]: Sending event: {'category': 'dbt', 'action': 'run_model', 'label': '5e09f414-6245-467a-82f6-3e3f41ff78c3', 'context': [<snowplow_tracker.self_describing_json.SelfDescribingJson object at 0x11307e3d0>]}
[0m14:16:22.740408 [info ] [Thread-2 (]: 1 of 2 OK created sql view model SILVER_SILVER.stg_transactions ................ [[32mSUCCESS 1[0m in 0.42s]
[0m14:16:22.740888 [debug] [Thread-2 (]: Finished running node model.dbt_finflow.stg_transactions
[0m14:16:22.741581 [debug] [Thread-2 (]: Began running node model.dbt_finflow.customer_profiles
[0m14:16:22.742001 [info ] [Thread-2 (]: 2 of 2 START sql table model SILVER_SILVER.customer_profiles ................... [RUN]
[0m14:16:22.742367 [debug] [Thread-2 (]: Re-using an available connection from the pool (formerly model.dbt_finflow.stg_transactions, now model.dbt_finflow.customer_profiles)
[0m14:16:22.742659 [debug] [Thread-2 (]: Began compiling node model.dbt_finflow.customer_profiles
[0m14:16:22.745171 [debug] [Thread-2 (]: Writing injected SQL for node "model.dbt_finflow.customer_profiles"
[0m14:16:22.745924 [debug] [Thread-2 (]: Began executing node model.dbt_finflow.customer_profiles
[0m14:16:22.761950 [debug] [Thread-2 (]: Writing runtime sql for node "model.dbt_finflow.customer_profiles"
[0m14:16:22.763017 [debug] [Thread-2 (]: Using snowflake connection "model.dbt_finflow.customer_profiles"
[0m14:16:22.763280 [debug] [Thread-2 (]: On model.dbt_finflow.customer_profiles: create or replace transient table FINFLOW.SILVER_SILVER.customer_profiles
    
    
    
    as (with step_one as (
    SELECT * from FINFLOW.SILVER_SILVER.stg_transactions
),
final as (
select user_id, count(transaction_id) as Total_Transactions, avg(amount) as Average_Transaction_Amount, max(amount) as max_transaction_amount, 
SUM(case when is_fraud then 1 else 0 END ) as total_fraud_flags, count(distinct merchant_id) as distinct_merchants, COUNT(DISTINCT LOCATION) as distinct_locations , min(timestamp) as first_seen, 
max(timestamp) as last_seen, CURRENT_TIMESTAMP() as processed_at
from step_one
group by user_id
)

select * from final
    )

/* {"app": "dbt", "dbt_version": "1.11.11", "profile_name": "dbt_finflow", "target_name": "dev", "node_id": "model.dbt_finflow.customer_profiles"} */;
[0m14:16:24.448400 [debug] [Thread-2 (]: SQL status: SUCCESS 50 in 1.685 seconds
[0m14:16:24.453706 [debug] [Thread-2 (]: Sending event: {'category': 'dbt', 'action': 'run_model', 'label': '5e09f414-6245-467a-82f6-3e3f41ff78c3', 'context': [<snowplow_tracker.self_describing_json.SelfDescribingJson object at 0x11313a110>]}
[0m14:16:24.454972 [info ] [Thread-2 (]: 2 of 2 OK created sql table model SILVER_SILVER.customer_profiles .............. [[32mSUCCESS 50[0m in 1.71s]
[0m14:16:24.455915 [debug] [Thread-2 (]: Finished running node model.dbt_finflow.customer_profiles
[0m14:16:24.457714 [debug] [MainThread]: Connection 'master' was properly closed.
[0m14:16:24.458333 [debug] [MainThread]: Connection 'model.dbt_finflow.customer_profiles' was left open.
[0m14:16:24.458899 [debug] [MainThread]: On model.dbt_finflow.customer_profiles: Close
[0m14:16:24.555030 [info ] [MainThread]: 
[0m14:16:24.556256 [info ] [MainThread]: Finished running 1 table model, 1 view model in 0 hours 0 minutes and 3.42 seconds (3.42s).
[0m14:16:24.557529 [debug] [MainThread]: Command end result
[0m14:16:24.741218 [debug] [MainThread]: Wrote artifact WritableManifest to /Users/parin/Documents/finflow_analytics/dbt_finflow/target/manifest.json
[0m14:16:24.750989 [debug] [MainThread]: Wrote artifact SemanticManifest to /Users/parin/Documents/finflow_analytics/dbt_finflow/target/semantic_manifest.json
[0m14:16:24.754442 [debug] [MainThread]: Wrote artifact RunExecutionResult to /Users/parin/Documents/finflow_analytics/dbt_finflow/target/run_results.json
[0m14:16:24.754636 [info ] [MainThread]: 
[0m14:16:24.754876 [info ] [MainThread]: [32mCompleted successfully[0m
[0m14:16:24.755019 [info ] [MainThread]: 
[0m14:16:24.755178 [info ] [MainThread]: Done. PASS=2 WARN=0 ERROR=0 SKIP=0 NO-OP=0 TOTAL=2
[0m14:16:24.757454 [debug] [MainThread]: Resource report: {"command_name": "run", "command_success": true, "command_wall_clock_time": 5.0608387, "process_in_blocks": "0", "process_kernel_time": 0.371273, "process_mem_max_rss": "225722368", "process_out_blocks": "0", "process_user_time": 1.712644}
[0m14:16:24.757748 [debug] [MainThread]: Command `dbt run` succeeded at 14:16:24.757704 after 5.06 seconds
[0m14:16:24.757983 [debug] [MainThread]: Sending event: {'category': 'dbt', 'action': 'invocation', 'label': 'end', 'context': [<snowplow_tracker.self_describing_json.SelfDescribingJson object at 0x1057257d0>, <snowplow_tracker.self_describing_json.SelfDescribingJson object at 0x105726150>, <snowplow_tracker.self_describing_json.SelfDescribingJson object at 0x105055ed0>]}
[0m14:16:24.758172 [debug] [MainThread]: Flushing usage events
[0m14:16:24.856892 [debug] [MainThread]: An error was encountered while trying to flush usage events
[0m14:39:29.026612 [debug] [MainThread]: Sending event: {'category': 'dbt', 'action': 'invocation', 'label': 'start', 'context': [<snowplow_tracker.self_describing_json.SelfDescribingJson object at 0x10b9862d0>, <snowplow_tracker.self_describing_json.SelfDescribingJson object at 0x10b7d58d0>, <snowplow_tracker.self_describing_json.SelfDescribingJson object at 0x10b60a690>]}


============================== 14:39:29.029690 | 310b5288-2ed0-4a31-9adc-c195f38de918 ==============================
[0m14:39:29.029690 [info ] [MainThread]: Running with dbt=1.11.11
[0m14:39:29.030007 [debug] [MainThread]: running dbt with arguments {'use_experimental_parser': 'False', 'cache_selected_only': 'False', 'fail_fast': 'False', 'printer_width': '80', 'warn_error_options': 'WarnErrorOptionsV2(error=[], warn=[], silence=[])', 'log_path': '/Users/parin/Documents/finflow_analytics/dbt_finflow/logs', 'indirect_selection': 'eager', 'send_anonymous_usage_stats': 'True', 'use_colors': 'True', 'log_cache_events': 'False', 'invocation_command': 'dbt run', 'profiles_dir': '/Users/parin/.dbt', 'write_json': 'True', 'quiet': 'False', 'partial_parse': 'True', 'static_parser': 'True', 'target_path': 'None', 'warn_error': 'None', 'version_check': 'True', 'no_print': 'None', 'debug': 'False', 'empty': 'False', 'introspect': 'True', 'log_format': 'default'}
[0m14:39:29.769381 [debug] [MainThread]: Snowflake adapter: Setting snowflake.connector to ERROR (file logging only)
[0m14:39:29.769714 [debug] [MainThread]: Snowflake adapter: Setting botocore to ERROR (file logging only)
[0m14:39:29.769896 [debug] [MainThread]: Snowflake adapter: Setting boto3 to ERROR (file logging only)
[0m14:39:29.919496 [debug] [MainThread]: Sending event: {'category': 'dbt', 'action': 'project_id', 'label': '310b5288-2ed0-4a31-9adc-c195f38de918', 'context': [<snowplow_tracker.self_describing_json.SelfDescribingJson object at 0x11fe0b210>]}
[0m14:39:29.956535 [debug] [MainThread]: Sending event: {'category': 'dbt', 'action': 'adapter_info', 'label': '310b5288-2ed0-4a31-9adc-c195f38de918', 'context': [<snowplow_tracker.self_describing_json.SelfDescribingJson object at 0x10b792850>]}
[0m14:39:29.957216 [info ] [MainThread]: Registered adapter: snowflake=1.11.5
[0m14:39:30.038400 [debug] [MainThread]: checksum: 30a8cc8fdcbf66701b0944d4ccce3fa46dd04b61e5df68b9f16d57b2e0e3f0be, vars: {}, profile: , target: , version: 1.11.11
[0m14:39:30.124098 [debug] [MainThread]: Partial parsing enabled: 0 files deleted, 1 files added, 0 files changed.
[0m14:39:30.124387 [debug] [MainThread]: Partial parsing: added file: dbt_finflow://models/silver/merchant_profiles.sql
[0m14:39:30.271495 [warn ] [MainThread]: [[33mWARNING[0m]: Configuration paths exist in your dbt_project.yml file which do not apply to any resources.
There are 1 unused configuration paths:
- models.dbt_finflow.gold
[0m14:39:30.277862 [debug] [MainThread]: Sending event: {'category': 'dbt', 'action': 'load_project', 'label': '310b5288-2ed0-4a31-9adc-c195f38de918', 'context': [<snowplow_tracker.self_describing_json.SelfDescribingJson object at 0x12d94a750>]}
[0m14:39:30.320189 [debug] [MainThread]: Wrote artifact WritableManifest to /Users/parin/Documents/finflow_analytics/dbt_finflow/target/manifest.json
[0m14:39:30.321707 [debug] [MainThread]: Wrote artifact SemanticManifest to /Users/parin/Documents/finflow_analytics/dbt_finflow/target/semantic_manifest.json
[0m14:39:30.331459 [debug] [MainThread]: Sending event: {'category': 'dbt', 'action': 'resource_counts', 'label': '310b5288-2ed0-4a31-9adc-c195f38de918', 'context': [<snowplow_tracker.self_describing_json.SelfDescribingJson object at 0x12c51f050>]}
[0m14:39:30.332489 [info ] [MainThread]: Found 3 models, 1 source, 536 macros
[0m14:39:30.332714 [debug] [MainThread]: Sending event: {'category': 'dbt', 'action': 'runnable_timing', 'label': '310b5288-2ed0-4a31-9adc-c195f38de918', 'context': [<snowplow_tracker.self_describing_json.SelfDescribingJson object at 0x10ebea850>]}
[0m14:39:30.335559 [info ] [MainThread]: 
[0m14:39:30.335805 [info ] [MainThread]: Concurrency: 1 threads (target='dev')
[0m14:39:30.335946 [info ] [MainThread]: 
[0m14:39:30.336221 [debug] [MainThread]: Acquiring new snowflake connection 'master'
[0m14:39:30.338887 [debug] [ThreadPool]: Acquiring new snowflake connection 'list_FINFLOW'
[0m14:39:30.431922 [debug] [ThreadPool]: Using snowflake connection "list_FINFLOW"
[0m14:39:30.432239 [debug] [ThreadPool]: On list_FINFLOW: show terse schemas in database FINFLOW
    limit 10000
/* {"app": "dbt", "dbt_version": "1.11.11", "profile_name": "dbt_finflow", "target_name": "dev", "connection_name": "list_FINFLOW"} */
[0m14:39:30.432388 [debug] [ThreadPool]: Opening a new connection, currently in state init
[0m14:39:31.178009 [debug] [ThreadPool]: SQL status: SUCCESS 4 in 0.745 seconds
[0m14:39:31.182693 [debug] [ThreadPool]: Re-using an available connection from the pool (formerly list_FINFLOW, now list_FINFLOW_SILVER_SILVER)
[0m14:39:31.195467 [debug] [ThreadPool]: Using snowflake connection "list_FINFLOW_SILVER_SILVER"
[0m14:39:31.195757 [debug] [ThreadPool]: On list_FINFLOW_SILVER_SILVER: show objects in FINFLOW.SILVER_SILVER
    limit 10000
    

/* {"app": "dbt", "dbt_version": "1.11.11", "profile_name": "dbt_finflow", "target_name": "dev", "connection_name": "list_FINFLOW_SILVER_SILVER"} */;
[0m14:39:31.330645 [debug] [ThreadPool]: SQL status: SUCCESS 2 in 0.135 seconds
[0m14:39:31.334674 [debug] [MainThread]: Sending event: {'category': 'dbt', 'action': 'runnable_timing', 'label': '310b5288-2ed0-4a31-9adc-c195f38de918', 'context': [<snowplow_tracker.self_describing_json.SelfDescribingJson object at 0x1073cf390>]}
[0m14:39:31.338054 [debug] [Thread-2 (]: Began running node model.dbt_finflow.stg_transactions
[0m14:39:31.338838 [info ] [Thread-2 (]: 1 of 2 START sql view model SILVER_SILVER.stg_transactions ..................... [RUN]
[0m14:39:31.339521 [debug] [Thread-2 (]: Re-using an available connection from the pool (formerly list_FINFLOW_SILVER_SILVER, now model.dbt_finflow.stg_transactions)
[0m14:39:31.339999 [debug] [Thread-2 (]: Began compiling node model.dbt_finflow.stg_transactions
[0m14:39:31.345973 [debug] [Thread-2 (]: Writing injected SQL for node "model.dbt_finflow.stg_transactions"
[0m14:39:31.346492 [debug] [Thread-2 (]: Began executing node model.dbt_finflow.stg_transactions
[0m14:39:31.362177 [debug] [Thread-2 (]: Writing runtime sql for node "model.dbt_finflow.stg_transactions"
[0m14:39:31.363120 [debug] [Thread-2 (]: Using snowflake connection "model.dbt_finflow.stg_transactions"
[0m14:39:31.363372 [debug] [Thread-2 (]: On model.dbt_finflow.stg_transactions: create or replace   view FINFLOW.SILVER_SILVER.stg_transactions
  
  
  
  
  as (
    -- CTE 1: source — just select from Bronze
-- CTE 2: deduplicate — remove duplicate transaction_ids
-- CTE 3: clean — round amount, cast types
-- Final SELECT — output everything including processed_at

with source as (
    SELECT * from FINFLOW.BRONZE.RAW_TRANSACTIONS
),
deduplicate as (
    select *, ROW_NUMBER() OVER (PARTITION BY TRANSACTION_ID
    ORDER BY (TIMESTAMP) ) AS rn 
    FROM source 
),
final as (
    select TRANSACTION_ID, USER_ID, MERCHANT_ID, ROUND(AMOUNT,2) as Amount, TIMESTAMP,LOCATION,DEVICE_TYPE,IS_FRAUD
    from deduplicate 
    where rn = 1

)

select *, CURRENT_TIMESTAMP() AS processed_at from final
  )
/* {"app": "dbt", "dbt_version": "1.11.11", "profile_name": "dbt_finflow", "target_name": "dev", "node_id": "model.dbt_finflow.stg_transactions"} */;
[0m14:39:31.654842 [debug] [Thread-2 (]: SQL status: SUCCESS 1 in 0.291 seconds
[0m14:39:31.688313 [debug] [Thread-2 (]: Sending event: {'category': 'dbt', 'action': 'run_model', 'label': '310b5288-2ed0-4a31-9adc-c195f38de918', 'context': [<snowplow_tracker.self_describing_json.SelfDescribingJson object at 0x12eb83c90>]}
[0m14:39:31.689043 [info ] [Thread-2 (]: 1 of 2 OK created sql view model SILVER_SILVER.stg_transactions ................ [[32mSUCCESS 1[0m in 0.35s]
[0m14:39:31.689533 [debug] [Thread-2 (]: Finished running node model.dbt_finflow.stg_transactions
[0m14:39:31.690162 [debug] [Thread-2 (]: Began running node model.dbt_finflow.customer_profiles
[0m14:39:31.690546 [info ] [Thread-2 (]: 2 of 2 START sql table model SILVER_SILVER.customer_profiles ................... [RUN]
[0m14:39:31.690897 [debug] [Thread-2 (]: Re-using an available connection from the pool (formerly model.dbt_finflow.stg_transactions, now model.dbt_finflow.customer_profiles)
[0m14:39:31.691165 [debug] [Thread-2 (]: Began compiling node model.dbt_finflow.customer_profiles
[0m14:39:31.695159 [debug] [Thread-2 (]: Writing injected SQL for node "model.dbt_finflow.customer_profiles"
[0m14:39:31.695714 [debug] [Thread-2 (]: Began executing node model.dbt_finflow.customer_profiles
[0m14:39:31.712350 [debug] [Thread-2 (]: Writing runtime sql for node "model.dbt_finflow.customer_profiles"
[0m14:39:31.713298 [debug] [Thread-2 (]: Using snowflake connection "model.dbt_finflow.customer_profiles"
[0m14:39:31.713549 [debug] [Thread-2 (]: On model.dbt_finflow.customer_profiles: create or replace transient table FINFLOW.SILVER_SILVER.customer_profiles
    
    
    
    as (with step_one as (
    SELECT * from FINFLOW.SILVER_SILVER.stg_transactions
),
final as (
select user_id, count(transaction_id) as Total_Transactions, avg(amount) as Average_Transaction_Amount, max(amount) as max_transaction_amount, 
SUM(case when is_fraud then 1 else 0 END ) as total_fraud_flags, count(distinct merchant_id) as distinct_merchants, COUNT(DISTINCT LOCATION) as distinct_locations , min(timestamp) as first_seen, 
max(timestamp) as last_seen, CURRENT_TIMESTAMP() as processed_at
from step_one
group by user_id
)

select * from final
    )

/* {"app": "dbt", "dbt_version": "1.11.11", "profile_name": "dbt_finflow", "target_name": "dev", "node_id": "model.dbt_finflow.customer_profiles"} */;
[0m14:39:33.525310 [debug] [Thread-2 (]: SQL status: SUCCESS 50 in 1.811 seconds
[0m14:39:33.533733 [debug] [Thread-2 (]: Sending event: {'category': 'dbt', 'action': 'run_model', 'label': '310b5288-2ed0-4a31-9adc-c195f38de918', 'context': [<snowplow_tracker.self_describing_json.SelfDescribingJson object at 0x109f473d0>]}
[0m14:39:33.535444 [info ] [Thread-2 (]: 2 of 2 OK created sql table model SILVER_SILVER.customer_profiles .............. [[32mSUCCESS 50[0m in 1.84s]
[0m14:39:33.536409 [debug] [Thread-2 (]: Finished running node model.dbt_finflow.customer_profiles
[0m14:39:33.538105 [debug] [MainThread]: Connection 'master' was properly closed.
[0m14:39:33.538331 [debug] [MainThread]: Connection 'model.dbt_finflow.customer_profiles' was left open.
[0m14:39:33.538552 [debug] [MainThread]: On model.dbt_finflow.customer_profiles: Close
[0m14:39:33.644313 [info ] [MainThread]: 
[0m14:39:33.644736 [info ] [MainThread]: Finished running 1 table model, 1 view model in 0 hours 0 minutes and 3.31 seconds (3.31s).
[0m14:39:33.645905 [debug] [MainThread]: Command end result
[0m14:39:33.674362 [debug] [MainThread]: Wrote artifact WritableManifest to /Users/parin/Documents/finflow_analytics/dbt_finflow/target/manifest.json
[0m14:39:33.677573 [debug] [MainThread]: Wrote artifact SemanticManifest to /Users/parin/Documents/finflow_analytics/dbt_finflow/target/semantic_manifest.json
[0m14:39:33.683322 [debug] [MainThread]: Wrote artifact RunExecutionResult to /Users/parin/Documents/finflow_analytics/dbt_finflow/target/run_results.json
[0m14:39:33.683560 [info ] [MainThread]: 
[0m14:39:33.683834 [info ] [MainThread]: [32mCompleted successfully[0m
[0m14:39:33.683987 [info ] [MainThread]: 
[0m14:39:33.684193 [info ] [MainThread]: Done. PASS=2 WARN=0 ERROR=0 SKIP=0 NO-OP=0 TOTAL=2
[0m14:39:33.688057 [debug] [MainThread]: Resource report: {"command_name": "run", "command_success": true, "command_wall_clock_time": 4.7149515, "process_in_blocks": "0", "process_kernel_time": 0.390717, "process_mem_max_rss": "221659136", "process_out_blocks": "0", "process_user_time": 1.686223}
[0m14:39:33.688433 [debug] [MainThread]: Command `dbt run` succeeded at 14:39:33.688374 after 4.72 seconds
[0m14:39:33.688957 [debug] [MainThread]: Sending event: {'category': 'dbt', 'action': 'invocation', 'label': 'end', 'context': [<snowplow_tracker.self_describing_json.SelfDescribingJson object at 0x104da8450>, <snowplow_tracker.self_describing_json.SelfDescribingJson object at 0x104da8490>, <snowplow_tracker.self_describing_json.SelfDescribingJson object at 0x104da9690>]}
[0m14:39:33.689187 [debug] [MainThread]: Flushing usage events
[0m14:39:33.791507 [debug] [MainThread]: An error was encountered while trying to flush usage events
[0m14:40:36.630726 [debug] [MainThread]: Sending event: {'category': 'dbt', 'action': 'invocation', 'label': 'start', 'context': [<snowplow_tracker.self_describing_json.SelfDescribingJson object at 0x110884910>, <snowplow_tracker.self_describing_json.SelfDescribingJson object at 0x110a5ec50>, <snowplow_tracker.self_describing_json.SelfDescribingJson object at 0x110a876d0>]}


============================== 14:40:36.633662 | a42495a9-37c4-4d6f-995b-120f0607a4e3 ==============================
[0m14:40:36.633662 [info ] [MainThread]: Running with dbt=1.11.11
[0m14:40:36.633994 [debug] [MainThread]: running dbt with arguments {'fail_fast': 'False', 'target_path': 'None', 'printer_width': '80', 'static_parser': 'True', 'invocation_command': 'dbt run', 'cache_selected_only': 'False', 'use_experimental_parser': 'False', 'log_path': '/Users/parin/Documents/finflow_analytics/dbt_finflow/logs', 'log_format': 'default', 'partial_parse': 'True', 'profiles_dir': '/Users/parin/.dbt', 'warn_error_options': 'WarnErrorOptionsV2(error=[], warn=[], silence=[])', 'log_cache_events': 'False', 'use_colors': 'True', 'debug': 'False', 'indirect_selection': 'eager', 'write_json': 'True', 'no_print': 'None', 'warn_error': 'None', 'empty': 'False', 'send_anonymous_usage_stats': 'True', 'introspect': 'True', 'quiet': 'False', 'version_check': 'True'}
[0m14:40:37.388112 [debug] [MainThread]: Snowflake adapter: Setting snowflake.connector to ERROR (file logging only)
[0m14:40:37.388429 [debug] [MainThread]: Snowflake adapter: Setting botocore to ERROR (file logging only)
[0m14:40:37.388601 [debug] [MainThread]: Snowflake adapter: Setting boto3 to ERROR (file logging only)
[0m14:40:37.533847 [debug] [MainThread]: Sending event: {'category': 'dbt', 'action': 'project_id', 'label': 'a42495a9-37c4-4d6f-995b-120f0607a4e3', 'context': [<snowplow_tracker.self_describing_json.SelfDescribingJson object at 0x110a16990>]}
[0m14:40:37.567555 [debug] [MainThread]: Sending event: {'category': 'dbt', 'action': 'adapter_info', 'label': 'a42495a9-37c4-4d6f-995b-120f0607a4e3', 'context': [<snowplow_tracker.self_describing_json.SelfDescribingJson object at 0x110792ad0>]}
[0m14:40:37.568090 [info ] [MainThread]: Registered adapter: snowflake=1.11.5
[0m14:40:37.644486 [debug] [MainThread]: checksum: 30a8cc8fdcbf66701b0944d4ccce3fa46dd04b61e5df68b9f16d57b2e0e3f0be, vars: {}, profile: , target: , version: 1.11.11
[0m14:40:37.732372 [debug] [MainThread]: Partial parsing enabled: 0 files deleted, 0 files added, 1 files changed.
[0m14:40:37.732710 [debug] [MainThread]: Partial parsing: updated file: dbt_finflow://models/silver/merchant_profiles.sql
[0m14:40:37.872474 [warn ] [MainThread]: [[33mWARNING[0m]: Configuration paths exist in your dbt_project.yml file which do not apply to any resources.
There are 1 unused configuration paths:
- models.dbt_finflow.gold
[0m14:40:37.878473 [debug] [MainThread]: Sending event: {'category': 'dbt', 'action': 'load_project', 'label': 'a42495a9-37c4-4d6f-995b-120f0607a4e3', 'context': [<snowplow_tracker.self_describing_json.SelfDescribingJson object at 0x126bb8350>]}
[0m14:40:37.921701 [debug] [MainThread]: Wrote artifact WritableManifest to /Users/parin/Documents/finflow_analytics/dbt_finflow/target/manifest.json
[0m14:40:37.923205 [debug] [MainThread]: Wrote artifact SemanticManifest to /Users/parin/Documents/finflow_analytics/dbt_finflow/target/semantic_manifest.json
[0m14:40:37.929095 [debug] [MainThread]: Sending event: {'category': 'dbt', 'action': 'resource_counts', 'label': 'a42495a9-37c4-4d6f-995b-120f0607a4e3', 'context': [<snowplow_tracker.self_describing_json.SelfDescribingJson object at 0x124428750>]}
[0m14:40:37.929389 [info ] [MainThread]: Found 3 models, 1 source, 536 macros
[0m14:40:37.929566 [debug] [MainThread]: Sending event: {'category': 'dbt', 'action': 'runnable_timing', 'label': 'a42495a9-37c4-4d6f-995b-120f0607a4e3', 'context': [<snowplow_tracker.self_describing_json.SelfDescribingJson object at 0x126e6d390>]}
[0m14:40:37.930457 [info ] [MainThread]: 
[0m14:40:37.930632 [info ] [MainThread]: Concurrency: 1 threads (target='dev')
[0m14:40:37.930768 [info ] [MainThread]: 
[0m14:40:37.931007 [debug] [MainThread]: Acquiring new snowflake connection 'master'
[0m14:40:37.933429 [debug] [ThreadPool]: Acquiring new snowflake connection 'list_FINFLOW'
[0m14:40:38.019220 [debug] [ThreadPool]: Using snowflake connection "list_FINFLOW"
[0m14:40:38.019587 [debug] [ThreadPool]: On list_FINFLOW: show terse schemas in database FINFLOW
    limit 10000
/* {"app": "dbt", "dbt_version": "1.11.11", "profile_name": "dbt_finflow", "target_name": "dev", "connection_name": "list_FINFLOW"} */
[0m14:40:38.019763 [debug] [ThreadPool]: Opening a new connection, currently in state init
[0m14:40:38.804396 [debug] [ThreadPool]: SQL status: SUCCESS 4 in 0.784 seconds
[0m14:40:38.808480 [debug] [ThreadPool]: Re-using an available connection from the pool (formerly list_FINFLOW, now list_FINFLOW_SILVER_SILVER)
[0m14:40:38.825742 [debug] [ThreadPool]: Using snowflake connection "list_FINFLOW_SILVER_SILVER"
[0m14:40:38.826268 [debug] [ThreadPool]: On list_FINFLOW_SILVER_SILVER: show objects in FINFLOW.SILVER_SILVER
    limit 10000
    

/* {"app": "dbt", "dbt_version": "1.11.11", "profile_name": "dbt_finflow", "target_name": "dev", "connection_name": "list_FINFLOW_SILVER_SILVER"} */;
[0m14:40:38.945166 [debug] [ThreadPool]: SQL status: SUCCESS 2 in 0.118 seconds
[0m14:40:38.949685 [debug] [MainThread]: Sending event: {'category': 'dbt', 'action': 'runnable_timing', 'label': 'a42495a9-37c4-4d6f-995b-120f0607a4e3', 'context': [<snowplow_tracker.self_describing_json.SelfDescribingJson object at 0x12314a950>]}
[0m14:40:38.953795 [debug] [Thread-2 (]: Began running node model.dbt_finflow.stg_transactions
[0m14:40:38.954615 [info ] [Thread-2 (]: 1 of 3 START sql view model SILVER_SILVER.stg_transactions ..................... [RUN]
[0m14:40:38.955319 [debug] [Thread-2 (]: Re-using an available connection from the pool (formerly list_FINFLOW_SILVER_SILVER, now model.dbt_finflow.stg_transactions)
[0m14:40:38.955816 [debug] [Thread-2 (]: Began compiling node model.dbt_finflow.stg_transactions
[0m14:40:38.964901 [debug] [Thread-2 (]: Writing injected SQL for node "model.dbt_finflow.stg_transactions"
[0m14:40:38.965682 [debug] [Thread-2 (]: Began executing node model.dbt_finflow.stg_transactions
[0m14:40:38.988575 [debug] [Thread-2 (]: Writing runtime sql for node "model.dbt_finflow.stg_transactions"
[0m14:40:38.989543 [debug] [Thread-2 (]: Using snowflake connection "model.dbt_finflow.stg_transactions"
[0m14:40:38.989825 [debug] [Thread-2 (]: On model.dbt_finflow.stg_transactions: create or replace   view FINFLOW.SILVER_SILVER.stg_transactions
  
  
  
  
  as (
    -- CTE 1: source — just select from Bronze
-- CTE 2: deduplicate — remove duplicate transaction_ids
-- CTE 3: clean — round amount, cast types
-- Final SELECT — output everything including processed_at

with source as (
    SELECT * from FINFLOW.BRONZE.RAW_TRANSACTIONS
),
deduplicate as (
    select *, ROW_NUMBER() OVER (PARTITION BY TRANSACTION_ID
    ORDER BY (TIMESTAMP) ) AS rn 
    FROM source 
),
final as (
    select TRANSACTION_ID, USER_ID, MERCHANT_ID, ROUND(AMOUNT,2) as Amount, TIMESTAMP,LOCATION,DEVICE_TYPE,IS_FRAUD
    from deduplicate 
    where rn = 1

)

select *, CURRENT_TIMESTAMP() AS processed_at from final
  )
/* {"app": "dbt", "dbt_version": "1.11.11", "profile_name": "dbt_finflow", "target_name": "dev", "node_id": "model.dbt_finflow.stg_transactions"} */;
[0m14:40:39.329086 [debug] [Thread-2 (]: SQL status: SUCCESS 1 in 0.339 seconds
[0m14:40:39.352222 [debug] [Thread-2 (]: Sending event: {'category': 'dbt', 'action': 'run_model', 'label': 'a42495a9-37c4-4d6f-995b-120f0607a4e3', 'context': [<snowplow_tracker.self_describing_json.SelfDescribingJson object at 0x13cd526d0>]}
[0m14:40:39.352694 [info ] [Thread-2 (]: 1 of 3 OK created sql view model SILVER_SILVER.stg_transactions ................ [[32mSUCCESS 1[0m in 0.40s]
[0m14:40:39.353012 [debug] [Thread-2 (]: Finished running node model.dbt_finflow.stg_transactions
[0m14:40:39.353590 [debug] [Thread-2 (]: Began running node model.dbt_finflow.customer_profiles
[0m14:40:39.353890 [info ] [Thread-2 (]: 2 of 3 START sql table model SILVER_SILVER.customer_profiles ................... [RUN]
[0m14:40:39.354129 [debug] [Thread-2 (]: Re-using an available connection from the pool (formerly model.dbt_finflow.stg_transactions, now model.dbt_finflow.customer_profiles)
[0m14:40:39.354295 [debug] [Thread-2 (]: Began compiling node model.dbt_finflow.customer_profiles
[0m14:40:39.356927 [debug] [Thread-2 (]: Writing injected SQL for node "model.dbt_finflow.customer_profiles"
[0m14:40:39.357319 [debug] [Thread-2 (]: Began executing node model.dbt_finflow.customer_profiles
[0m14:40:39.369497 [debug] [Thread-2 (]: Writing runtime sql for node "model.dbt_finflow.customer_profiles"
[0m14:40:39.370377 [debug] [Thread-2 (]: Using snowflake connection "model.dbt_finflow.customer_profiles"
[0m14:40:39.370604 [debug] [Thread-2 (]: On model.dbt_finflow.customer_profiles: create or replace transient table FINFLOW.SILVER_SILVER.customer_profiles
    
    
    
    as (with step_one as (
    SELECT * from FINFLOW.SILVER_SILVER.stg_transactions
),
final as (
select user_id, count(transaction_id) as Total_Transactions, avg(amount) as Average_Transaction_Amount, max(amount) as max_transaction_amount, 
SUM(case when is_fraud then 1 else 0 END ) as total_fraud_flags, count(distinct merchant_id) as distinct_merchants, COUNT(DISTINCT LOCATION) as distinct_locations , min(timestamp) as first_seen, 
max(timestamp) as last_seen, CURRENT_TIMESTAMP() as processed_at
from step_one
group by user_id
)

select * from final
    )

/* {"app": "dbt", "dbt_version": "1.11.11", "profile_name": "dbt_finflow", "target_name": "dev", "node_id": "model.dbt_finflow.customer_profiles"} */;
[0m14:40:40.422158 [debug] [Thread-2 (]: SQL status: SUCCESS 50 in 1.051 seconds
[0m14:40:40.426655 [debug] [Thread-2 (]: Sending event: {'category': 'dbt', 'action': 'run_model', 'label': 'a42495a9-37c4-4d6f-995b-120f0607a4e3', 'context': [<snowplow_tracker.self_describing_json.SelfDescribingJson object at 0x13cd6dc10>]}
[0m14:40:40.427599 [info ] [Thread-2 (]: 2 of 3 OK created sql table model SILVER_SILVER.customer_profiles .............. [[32mSUCCESS 50[0m in 1.07s]
[0m14:40:40.428369 [debug] [Thread-2 (]: Finished running node model.dbt_finflow.customer_profiles
[0m14:40:40.428953 [debug] [Thread-2 (]: Began running node model.dbt_finflow.merchant_profiles
[0m14:40:40.429769 [info ] [Thread-2 (]: 3 of 3 START sql table model SILVER_SILVER.merchant_profiles ................... [RUN]
[0m14:40:40.430411 [debug] [Thread-2 (]: Re-using an available connection from the pool (formerly model.dbt_finflow.customer_profiles, now model.dbt_finflow.merchant_profiles)
[0m14:40:40.430851 [debug] [Thread-2 (]: Began compiling node model.dbt_finflow.merchant_profiles
[0m14:40:40.435981 [debug] [Thread-2 (]: Writing injected SQL for node "model.dbt_finflow.merchant_profiles"
[0m14:40:40.437161 [debug] [Thread-2 (]: Began executing node model.dbt_finflow.merchant_profiles
[0m14:40:40.441040 [debug] [Thread-2 (]: Writing runtime sql for node "model.dbt_finflow.merchant_profiles"
[0m14:40:40.442778 [debug] [Thread-2 (]: Using snowflake connection "model.dbt_finflow.merchant_profiles"
[0m14:40:40.443122 [debug] [Thread-2 (]: On model.dbt_finflow.merchant_profiles: create or replace transient table FINFLOW.SILVER_SILVER.merchant_profiles
    
    
    
    as (with step_one as (
    SELECT * from FINFLOW.SILVER_SILVER.stg_transactions
),
final as (
   select merchant_id, COUNT(transaction_id) as Total_Transactions, avg(amount) as Average_Transaction_Amount, max(amount) as max_transaction_amount,
    SUM(case when is_fraud then 1 else 0 END ) as total_fraud_flags, count(distinct user_id) as distinct_users, (SUM(case when is_fraud then 1 else 0 end)::float / COUNT(transaction_id)) * 100 as fraud_rate,
    CURRENT_TIMESTAMP() as processed_at
    from step_one
    group by merchant_id
)

select * from final
    )

/* {"app": "dbt", "dbt_version": "1.11.11", "profile_name": "dbt_finflow", "target_name": "dev", "node_id": "model.dbt_finflow.merchant_profiles"} */;
[0m14:40:41.459223 [debug] [Thread-2 (]: SQL status: SUCCESS 16 in 1.015 seconds
[0m14:40:41.463650 [debug] [Thread-2 (]: Sending event: {'category': 'dbt', 'action': 'run_model', 'label': 'a42495a9-37c4-4d6f-995b-120f0607a4e3', 'context': [<snowplow_tracker.self_describing_json.SelfDescribingJson object at 0x110a85990>]}
[0m14:40:41.464950 [info ] [Thread-2 (]: 3 of 3 OK created sql table model SILVER_SILVER.merchant_profiles .............. [[32mSUCCESS 16[0m in 1.03s]
[0m14:40:41.466355 [debug] [Thread-2 (]: Finished running node model.dbt_finflow.merchant_profiles
[0m14:40:41.469129 [debug] [MainThread]: Connection 'master' was properly closed.
[0m14:40:41.469835 [debug] [MainThread]: Connection 'model.dbt_finflow.merchant_profiles' was left open.
[0m14:40:41.470368 [debug] [MainThread]: On model.dbt_finflow.merchant_profiles: Close
[0m14:40:41.572898 [info ] [MainThread]: 
[0m14:40:41.573544 [info ] [MainThread]: Finished running 2 table models, 1 view model in 0 hours 0 minutes and 3.64 seconds (3.64s).
[0m14:40:41.574529 [debug] [MainThread]: Command end result
[0m14:40:41.604314 [debug] [MainThread]: Wrote artifact WritableManifest to /Users/parin/Documents/finflow_analytics/dbt_finflow/target/manifest.json
[0m14:40:41.606142 [debug] [MainThread]: Wrote artifact SemanticManifest to /Users/parin/Documents/finflow_analytics/dbt_finflow/target/semantic_manifest.json
[0m14:40:41.610479 [debug] [MainThread]: Wrote artifact RunExecutionResult to /Users/parin/Documents/finflow_analytics/dbt_finflow/target/run_results.json
[0m14:40:41.610685 [info ] [MainThread]: 
[0m14:40:41.610915 [info ] [MainThread]: [32mCompleted successfully[0m
[0m14:40:41.611086 [info ] [MainThread]: 
[0m14:40:41.611292 [info ] [MainThread]: Done. PASS=3 WARN=0 ERROR=0 SKIP=0 NO-OP=0 TOTAL=3
[0m14:40:41.613590 [debug] [MainThread]: Resource report: {"command_name": "run", "command_success": true, "command_wall_clock_time": 5.0343676, "process_in_blocks": "0", "process_kernel_time": 0.380253, "process_mem_max_rss": "222363648", "process_out_blocks": "0", "process_user_time": 1.654371}
[0m14:40:41.614028 [debug] [MainThread]: Command `dbt run` succeeded at 14:40:41.613974 after 5.03 seconds
[0m14:40:41.614349 [debug] [MainThread]: Sending event: {'category': 'dbt', 'action': 'invocation', 'label': 'end', 'context': [<snowplow_tracker.self_describing_json.SelfDescribingJson object at 0x110a16710>, <snowplow_tracker.self_describing_json.SelfDescribingJson object at 0x110a5df10>, <snowplow_tracker.self_describing_json.SelfDescribingJson object at 0x1107bab10>]}
[0m14:40:41.614572 [debug] [MainThread]: Flushing usage events
[0m14:40:41.720712 [debug] [MainThread]: An error was encountered while trying to flush usage events
[0m14:37:12.264982 [debug] [MainThread]: Sending event: {'category': 'dbt', 'action': 'invocation', 'label': 'start', 'context': [<snowplow_tracker.self_describing_json.SelfDescribingJson object at 0x105c85750>, <snowplow_tracker.self_describing_json.SelfDescribingJson object at 0x105d5fdd0>, <snowplow_tracker.self_describing_json.SelfDescribingJson object at 0x105d87390>]}


============================== 14:37:12.267972 | 5ce74e88-ac72-4ed5-8ee1-0addbf0b4d8a ==============================
[0m14:37:12.267972 [info ] [MainThread]: Running with dbt=1.11.11
[0m14:37:12.268304 [debug] [MainThread]: running dbt with arguments {'cache_selected_only': 'False', 'introspect': 'True', 'static_parser': 'True', 'indirect_selection': 'eager', 'fail_fast': 'False', 'log_path': '/Users/parin/Documents/finflow_analytics/dbt_finflow/logs', 'partial_parse': 'True', 'warn_error': 'None', 'log_cache_events': 'False', 'write_json': 'True', 'warn_error_options': 'WarnErrorOptionsV2(error=[], warn=[], silence=[])', 'send_anonymous_usage_stats': 'True', 'empty': 'False', 'log_format': 'default', 'target_path': 'None', 'quiet': 'False', 'profiles_dir': '/Users/parin/.dbt', 'use_experimental_parser': 'False', 'printer_width': '80', 'version_check': 'True', 'use_colors': 'True', 'debug': 'False', 'no_print': 'None', 'invocation_command': 'dbt run'}
[0m14:37:14.838542 [debug] [MainThread]: Snowflake adapter: Setting snowflake.connector to ERROR (file logging only)
[0m14:37:14.838857 [debug] [MainThread]: Snowflake adapter: Setting botocore to ERROR (file logging only)
[0m14:37:14.839028 [debug] [MainThread]: Snowflake adapter: Setting boto3 to ERROR (file logging only)
[0m14:37:14.991917 [debug] [MainThread]: Sending event: {'category': 'dbt', 'action': 'project_id', 'label': '5ce74e88-ac72-4ed5-8ee1-0addbf0b4d8a', 'context': [<snowplow_tracker.self_describing_json.SelfDescribingJson object at 0x105d21890>]}
[0m14:37:15.028389 [debug] [MainThread]: Sending event: {'category': 'dbt', 'action': 'adapter_info', 'label': '5ce74e88-ac72-4ed5-8ee1-0addbf0b4d8a', 'context': [<snowplow_tracker.self_describing_json.SelfDescribingJson object at 0x10e516050>]}
[0m14:37:15.029130 [info ] [MainThread]: Registered adapter: snowflake=1.11.5
[0m14:37:15.107832 [debug] [MainThread]: checksum: 30a8cc8fdcbf66701b0944d4ccce3fa46dd04b61e5df68b9f16d57b2e0e3f0be, vars: {}, profile: , target: , version: 1.11.11
[0m14:37:15.194123 [debug] [MainThread]: Partial parsing enabled: 0 files deleted, 1 files added, 1 files changed.
[0m14:37:15.194387 [debug] [MainThread]: Partial parsing: added file: dbt_finflow://models/gold/fraud_scores.sql
[0m14:37:15.194601 [debug] [MainThread]: Partial parsing: updated file: dbt_finflow://models/silver/merchant_profiles.sql
[0m14:37:15.339290 [debug] [MainThread]: Sending event: {'category': 'dbt', 'action': 'load_project', 'label': '5ce74e88-ac72-4ed5-8ee1-0addbf0b4d8a', 'context': [<snowplow_tracker.self_describing_json.SelfDescribingJson object at 0x10ea13b50>]}
[0m14:37:15.386569 [debug] [MainThread]: Wrote artifact WritableManifest to /Users/parin/Documents/finflow_analytics/dbt_finflow/target/manifest.json
[0m14:37:15.388022 [debug] [MainThread]: Wrote artifact SemanticManifest to /Users/parin/Documents/finflow_analytics/dbt_finflow/target/semantic_manifest.json
[0m14:37:15.394252 [debug] [MainThread]: Sending event: {'category': 'dbt', 'action': 'resource_counts', 'label': '5ce74e88-ac72-4ed5-8ee1-0addbf0b4d8a', 'context': [<snowplow_tracker.self_describing_json.SelfDescribingJson object at 0x10e807c50>]}
[0m14:37:15.394497 [info ] [MainThread]: Found 4 models, 1 source, 536 macros
[0m14:37:15.394667 [debug] [MainThread]: Sending event: {'category': 'dbt', 'action': 'runnable_timing', 'label': '5ce74e88-ac72-4ed5-8ee1-0addbf0b4d8a', 'context': [<snowplow_tracker.self_describing_json.SelfDescribingJson object at 0x10e9b8990>]}
[0m14:37:15.395545 [info ] [MainThread]: 
[0m14:37:15.395718 [info ] [MainThread]: Concurrency: 1 threads (target='dev')
[0m14:37:15.395849 [info ] [MainThread]: 
[0m14:37:15.396063 [debug] [MainThread]: Acquiring new snowflake connection 'master'
[0m14:37:15.398310 [debug] [ThreadPool]: Acquiring new snowflake connection 'list_FINFLOW'
[0m14:37:15.487441 [debug] [ThreadPool]: Using snowflake connection "list_FINFLOW"
[0m14:37:15.487721 [debug] [ThreadPool]: On list_FINFLOW: show terse schemas in database FINFLOW
    limit 10000
/* {"app": "dbt", "dbt_version": "1.11.11", "profile_name": "dbt_finflow", "target_name": "dev", "connection_name": "list_FINFLOW"} */
[0m14:37:15.487869 [debug] [ThreadPool]: Opening a new connection, currently in state init
[0m14:37:16.387169 [debug] [ThreadPool]: Snowflake adapter: Error running SQL: show terse schemas in database FINFLOW
    limit 10000
/* {"app": "dbt", "dbt_version": "1.11.11", "profile_name": "dbt_finflow", "target_name": "dev", "connection_name": "list_FINFLOW"} */
[0m14:37:16.387543 [debug] [ThreadPool]: Snowflake adapter: Rolling back transaction.
[0m14:37:16.387811 [debug] [ThreadPool]: Snowflake adapter: Error running SQL: macro list_schemas
[0m14:37:16.387981 [debug] [ThreadPool]: Snowflake adapter: Rolling back transaction.
[0m14:37:16.389936 [debug] [ThreadPool]: Using snowflake connection "list_FINFLOW"
[0m14:37:16.390193 [debug] [ThreadPool]: On list_FINFLOW: show terse schemas in database FINFLOW
    limit 10000
/* {"app": "dbt", "dbt_version": "1.11.11", "profile_name": "dbt_finflow", "target_name": "dev", "connection_name": "list_FINFLOW"} */
[0m14:37:16.390428 [debug] [ThreadPool]: Opening a new connection, currently in state fail
[0m14:37:16.940960 [debug] [ThreadPool]: Snowflake adapter: Error running SQL: show terse schemas in database FINFLOW
    limit 10000
/* {"app": "dbt", "dbt_version": "1.11.11", "profile_name": "dbt_finflow", "target_name": "dev", "connection_name": "list_FINFLOW"} */
[0m14:37:16.941726 [debug] [ThreadPool]: Snowflake adapter: Rolling back transaction.
[0m14:37:16.942259 [debug] [ThreadPool]: Snowflake adapter: Error running SQL: macro list_schemas
[0m14:37:16.942619 [debug] [ThreadPool]: Snowflake adapter: Rolling back transaction.
[0m14:37:16.943583 [debug] [MainThread]: Connection 'master' was properly closed.
[0m14:37:16.944218 [debug] [MainThread]: Connection 'list_FINFLOW' was left open.
[0m14:37:16.944607 [debug] [MainThread]: On list_FINFLOW: No close available on handle
[0m14:37:16.945046 [info ] [MainThread]: 
[0m14:37:16.945600 [info ] [MainThread]: Finished running  in 0 hours 0 minutes and 1.55 seconds (1.55s).
[0m14:37:16.946949 [error] [MainThread]: Encountered an error:
Runtime Error
  Database error while listing schemas in database "FINFLOW"
  Database Error
    250001 (08001): Failed to connect to DB: AMRJGLO-JC74238.snowflakecomputing.com:443. Failed to authenticate: MFA authentication is required, but none of your current MFA methods are supported for programmatic authentication.
[0m14:37:16.952488 [debug] [MainThread]: Resource report: {"command_name": "run", "command_success": false, "command_wall_clock_time": 4.737986, "process_in_blocks": "0", "process_kernel_time": 0.456943, "process_mem_max_rss": "223477760", "process_out_blocks": "0", "process_user_time": 1.717123}
[0m14:37:16.953961 [debug] [MainThread]: Command `dbt run` failed at 14:37:16.953711 after 4.74 seconds
[0m14:37:16.954802 [debug] [MainThread]: Sending event: {'category': 'dbt', 'action': 'invocation', 'label': 'end', 'context': [<snowplow_tracker.self_describing_json.SelfDescribingJson object at 0x105d86010>, <snowplow_tracker.self_describing_json.SelfDescribingJson object at 0x105d87090>, <snowplow_tracker.self_describing_json.SelfDescribingJson object at 0x10ef35cd0>]}
[0m14:37:16.955438 [debug] [MainThread]: Flushing usage events
[0m14:37:17.052815 [debug] [MainThread]: An error was encountered while trying to flush usage events
[0m14:37:30.987182 [debug] [MainThread]: Sending event: {'category': 'dbt', 'action': 'invocation', 'label': 'start', 'context': [<snowplow_tracker.self_describing_json.SelfDescribingJson object at 0x105c033d0>, <snowplow_tracker.self_describing_json.SelfDescribingJson object at 0x105b3e890>, <snowplow_tracker.self_describing_json.SelfDescribingJson object at 0x105d0aad0>]}


============================== 14:37:30.990143 | 3a597550-861f-48ac-bd71-b3bb9998b170 ==============================
[0m14:37:30.990143 [info ] [MainThread]: Running with dbt=1.11.11
[0m14:37:30.990467 [debug] [MainThread]: running dbt with arguments {'write_json': 'True', 'log_path': '/Users/parin/Documents/finflow_analytics/dbt_finflow/logs', 'fail_fast': 'False', 'printer_width': '80', 'partial_parse': 'True', 'version_check': 'True', 'send_anonymous_usage_stats': 'True', 'static_parser': 'True', 'log_format': 'default', 'target_path': 'None', 'use_experimental_parser': 'False', 'debug': 'False', 'warn_error': 'None', 'empty': 'False', 'indirect_selection': 'eager', 'introspect': 'True', 'use_colors': 'True', 'cache_selected_only': 'False', 'warn_error_options': 'WarnErrorOptionsV2(error=[], warn=[], silence=[])', 'no_print': 'None', 'profiles_dir': '/Users/parin/.dbt', 'quiet': 'False', 'invocation_command': 'dbt run', 'log_cache_events': 'False'}
[0m14:37:31.691244 [debug] [MainThread]: Snowflake adapter: Setting snowflake.connector to ERROR (file logging only)
[0m14:37:31.691556 [debug] [MainThread]: Snowflake adapter: Setting botocore to ERROR (file logging only)
[0m14:37:31.691722 [debug] [MainThread]: Snowflake adapter: Setting boto3 to ERROR (file logging only)
[0m14:37:31.796220 [debug] [MainThread]: Sending event: {'category': 'dbt', 'action': 'project_id', 'label': '3a597550-861f-48ac-bd71-b3bb9998b170', 'context': [<snowplow_tracker.self_describing_json.SelfDescribingJson object at 0x10b2fabd0>]}
[0m14:37:31.830039 [debug] [MainThread]: Sending event: {'category': 'dbt', 'action': 'adapter_info', 'label': '3a597550-861f-48ac-bd71-b3bb9998b170', 'context': [<snowplow_tracker.self_describing_json.SelfDescribingJson object at 0x105b16790>]}
[0m14:37:31.830670 [info ] [MainThread]: Registered adapter: snowflake=1.11.5
[0m14:37:31.904845 [debug] [MainThread]: checksum: 30a8cc8fdcbf66701b0944d4ccce3fa46dd04b61e5df68b9f16d57b2e0e3f0be, vars: {}, profile: , target: , version: 1.11.11
[0m14:37:31.991165 [debug] [MainThread]: Partial parsing enabled: 0 files deleted, 0 files added, 0 files changed.
[0m14:37:31.991392 [debug] [MainThread]: Nothing changed, skipping partial parsing.
[0m14:37:31.991530 [debug] [MainThread]: Partial parsing enabled, no changes found, skipping parsing
[0m14:37:32.007723 [debug] [MainThread]: Sending event: {'category': 'dbt', 'action': 'load_project', 'label': '3a597550-861f-48ac-bd71-b3bb9998b170', 'context': [<snowplow_tracker.self_describing_json.SelfDescribingJson object at 0x10cb7aad0>]}
[0m14:37:32.055154 [debug] [MainThread]: Wrote artifact WritableManifest to /Users/parin/Documents/finflow_analytics/dbt_finflow/target/manifest.json
[0m14:37:32.056408 [debug] [MainThread]: Wrote artifact SemanticManifest to /Users/parin/Documents/finflow_analytics/dbt_finflow/target/semantic_manifest.json
[0m14:37:32.062070 [debug] [MainThread]: Sending event: {'category': 'dbt', 'action': 'resource_counts', 'label': '3a597550-861f-48ac-bd71-b3bb9998b170', 'context': [<snowplow_tracker.self_describing_json.SelfDescribingJson object at 0x10c7a6790>]}
[0m14:37:32.062340 [info ] [MainThread]: Found 4 models, 1 source, 536 macros
[0m14:37:32.062521 [debug] [MainThread]: Sending event: {'category': 'dbt', 'action': 'runnable_timing', 'label': '3a597550-861f-48ac-bd71-b3bb9998b170', 'context': [<snowplow_tracker.self_describing_json.SelfDescribingJson object at 0x10c6a0050>]}
[0m14:37:32.063488 [info ] [MainThread]: 
[0m14:37:32.063691 [info ] [MainThread]: Concurrency: 1 threads (target='dev')
[0m14:37:32.063831 [info ] [MainThread]: 
[0m14:37:32.064078 [debug] [MainThread]: Acquiring new snowflake connection 'master'
[0m14:37:32.066261 [debug] [ThreadPool]: Acquiring new snowflake connection 'list_FINFLOW'
[0m14:37:32.102082 [debug] [ThreadPool]: Using snowflake connection "list_FINFLOW"
[0m14:37:32.102316 [debug] [ThreadPool]: On list_FINFLOW: show terse schemas in database FINFLOW
    limit 10000
/* {"app": "dbt", "dbt_version": "1.11.11", "profile_name": "dbt_finflow", "target_name": "dev", "connection_name": "list_FINFLOW"} */
[0m14:37:32.102463 [debug] [ThreadPool]: Opening a new connection, currently in state init
[0m14:37:32.784013 [debug] [ThreadPool]: SQL status: SUCCESS 4 in 0.681 seconds
[0m14:37:32.793377 [debug] [ThreadPool]: Using snowflake connection "list_FINFLOW"
[0m14:37:32.794065 [debug] [ThreadPool]: On list_FINFLOW: show terse schemas in database FINFLOW
    limit 10000
/* {"app": "dbt", "dbt_version": "1.11.11", "profile_name": "dbt_finflow", "target_name": "dev", "connection_name": "list_FINFLOW"} */
[0m14:37:32.914304 [debug] [ThreadPool]: SQL status: SUCCESS 4 in 0.119 seconds
[0m14:37:32.918544 [debug] [ThreadPool]: Re-using an available connection from the pool (formerly list_FINFLOW, now create_FINFLOW_SILVER_GOLD)
[0m14:37:32.919365 [debug] [ThreadPool]: Creating schema "database: "FINFLOW"
schema: "SILVER_GOLD"
"
[0m14:37:32.925076 [debug] [ThreadPool]: Using snowflake connection "create_FINFLOW_SILVER_GOLD"
[0m14:37:32.925522 [debug] [ThreadPool]: On create_FINFLOW_SILVER_GOLD: create schema if not exists FINFLOW.SILVER_GOLD
/* {"app": "dbt", "dbt_version": "1.11.11", "profile_name": "dbt_finflow", "target_name": "dev", "connection_name": "create_FINFLOW_SILVER_GOLD"} */
[0m14:37:33.024913 [debug] [ThreadPool]: SQL status: SUCCESS 1 in 0.099 seconds
[0m14:37:33.029898 [debug] [ThreadPool]: Re-using an available connection from the pool (formerly create_FINFLOW_SILVER_GOLD, now list_FINFLOW_SILVER_GOLD)
[0m14:37:33.047408 [debug] [ThreadPool]: Using snowflake connection "list_FINFLOW_SILVER_GOLD"
[0m14:37:33.047825 [debug] [ThreadPool]: On list_FINFLOW_SILVER_GOLD: show objects in FINFLOW.SILVER_GOLD
    limit 10000
    

/* {"app": "dbt", "dbt_version": "1.11.11", "profile_name": "dbt_finflow", "target_name": "dev", "connection_name": "list_FINFLOW_SILVER_GOLD"} */;
[0m14:37:33.165030 [debug] [ThreadPool]: SQL status: SUCCESS 0 in 0.117 seconds
[0m14:37:33.167172 [debug] [ThreadPool]: Re-using an available connection from the pool (formerly list_FINFLOW_SILVER_GOLD, now list_FINFLOW_SILVER_SILVER)
[0m14:37:33.171706 [debug] [ThreadPool]: Using snowflake connection "list_FINFLOW_SILVER_SILVER"
[0m14:37:33.172130 [debug] [ThreadPool]: On list_FINFLOW_SILVER_SILVER: show objects in FINFLOW.SILVER_SILVER
    limit 10000
    

/* {"app": "dbt", "dbt_version": "1.11.11", "profile_name": "dbt_finflow", "target_name": "dev", "connection_name": "list_FINFLOW_SILVER_SILVER"} */;
[0m14:37:33.340838 [debug] [ThreadPool]: SQL status: SUCCESS 3 in 0.168 seconds
[0m14:37:33.344149 [debug] [MainThread]: Sending event: {'category': 'dbt', 'action': 'runnable_timing', 'label': '3a597550-861f-48ac-bd71-b3bb9998b170', 'context': [<snowplow_tracker.self_describing_json.SelfDescribingJson object at 0x10ca1fb10>]}
[0m14:37:33.347801 [debug] [Thread-2 (]: Began running node model.dbt_finflow.stg_transactions
[0m14:37:33.348369 [info ] [Thread-2 (]: 1 of 4 START sql view model SILVER_SILVER.stg_transactions ..................... [RUN]
[0m14:37:33.348847 [debug] [Thread-2 (]: Re-using an available connection from the pool (formerly list_FINFLOW_SILVER_SILVER, now model.dbt_finflow.stg_transactions)
[0m14:37:33.349215 [debug] [Thread-2 (]: Began compiling node model.dbt_finflow.stg_transactions
[0m14:37:33.357655 [debug] [Thread-2 (]: Writing injected SQL for node "model.dbt_finflow.stg_transactions"
[0m14:37:33.358729 [debug] [Thread-2 (]: Began executing node model.dbt_finflow.stg_transactions
[0m14:37:33.379472 [debug] [Thread-2 (]: Writing runtime sql for node "model.dbt_finflow.stg_transactions"
[0m14:37:33.380436 [debug] [Thread-2 (]: Using snowflake connection "model.dbt_finflow.stg_transactions"
[0m14:37:33.380718 [debug] [Thread-2 (]: On model.dbt_finflow.stg_transactions: create or replace   view FINFLOW.SILVER_SILVER.stg_transactions
  
  
  
  
  as (
    -- CTE 1: source — just select from Bronze
-- CTE 2: deduplicate — remove duplicate transaction_ids
-- CTE 3: clean — round amount, cast types
-- Final SELECT — output everything including processed_at

with source as (
    SELECT * from FINFLOW.BRONZE.RAW_TRANSACTIONS
),
deduplicate as (
    select *, ROW_NUMBER() OVER (PARTITION BY TRANSACTION_ID
    ORDER BY (TIMESTAMP) ) AS rn 
    FROM source 
),
final as (
    select TRANSACTION_ID, USER_ID, MERCHANT_ID, ROUND(AMOUNT,2) as Amount, TIMESTAMP,LOCATION,DEVICE_TYPE,IS_FRAUD
    from deduplicate 
    where rn = 1

)

select *, CURRENT_TIMESTAMP() AS processed_at from final
  )
/* {"app": "dbt", "dbt_version": "1.11.11", "profile_name": "dbt_finflow", "target_name": "dev", "node_id": "model.dbt_finflow.stg_transactions"} */;
[0m14:37:33.899451 [debug] [Thread-2 (]: SQL status: SUCCESS 1 in 0.518 seconds
[0m14:37:33.934030 [debug] [Thread-2 (]: Sending event: {'category': 'dbt', 'action': 'run_model', 'label': '3a597550-861f-48ac-bd71-b3bb9998b170', 'context': [<snowplow_tracker.self_describing_json.SelfDescribingJson object at 0x10f985710>]}
[0m14:37:33.934758 [info ] [Thread-2 (]: 1 of 4 OK created sql view model SILVER_SILVER.stg_transactions ................ [[32mSUCCESS 1[0m in 0.58s]
[0m14:37:33.935242 [debug] [Thread-2 (]: Finished running node model.dbt_finflow.stg_transactions
[0m14:37:33.935967 [debug] [Thread-2 (]: Began running node model.dbt_finflow.customer_profiles
[0m14:37:33.936400 [info ] [Thread-2 (]: 2 of 4 START sql table model SILVER_SILVER.customer_profiles ................... [RUN]
[0m14:37:33.936781 [debug] [Thread-2 (]: Re-using an available connection from the pool (formerly model.dbt_finflow.stg_transactions, now model.dbt_finflow.customer_profiles)
[0m14:37:33.937076 [debug] [Thread-2 (]: Began compiling node model.dbt_finflow.customer_profiles
[0m14:37:33.939840 [debug] [Thread-2 (]: Writing injected SQL for node "model.dbt_finflow.customer_profiles"
[0m14:37:33.940889 [debug] [Thread-2 (]: Began executing node model.dbt_finflow.customer_profiles
[0m14:37:33.958125 [debug] [Thread-2 (]: Writing runtime sql for node "model.dbt_finflow.customer_profiles"
[0m14:37:33.959370 [debug] [Thread-2 (]: Using snowflake connection "model.dbt_finflow.customer_profiles"
[0m14:37:33.959649 [debug] [Thread-2 (]: On model.dbt_finflow.customer_profiles: create or replace transient table FINFLOW.SILVER_SILVER.customer_profiles
    
    
    
    as (with step_one as (
    SELECT * from FINFLOW.SILVER_SILVER.stg_transactions
),
final as (
select user_id, count(transaction_id) as Total_Transactions, avg(amount) as Average_Transaction_Amount, max(amount) as max_transaction_amount, 
SUM(case when is_fraud then 1 else 0 END ) as total_fraud_flags, count(distinct merchant_id) as distinct_merchants, COUNT(DISTINCT LOCATION) as distinct_locations , min(timestamp) as first_seen, 
max(timestamp) as last_seen, CURRENT_TIMESTAMP() as processed_at
from step_one
group by user_id
)

select * from final
    )

/* {"app": "dbt", "dbt_version": "1.11.11", "profile_name": "dbt_finflow", "target_name": "dev", "node_id": "model.dbt_finflow.customer_profiles"} */;
[0m14:37:35.501772 [debug] [Thread-2 (]: SQL status: SUCCESS 50 in 1.541 seconds
[0m14:37:35.507065 [debug] [Thread-2 (]: Sending event: {'category': 'dbt', 'action': 'run_model', 'label': '3a597550-861f-48ac-bd71-b3bb9998b170', 'context': [<snowplow_tracker.self_describing_json.SelfDescribingJson object at 0x10f8762d0>]}
[0m14:37:35.508482 [info ] [Thread-2 (]: 2 of 4 OK created sql table model SILVER_SILVER.customer_profiles .............. [[32mSUCCESS 50[0m in 1.57s]
[0m14:37:35.509356 [debug] [Thread-2 (]: Finished running node model.dbt_finflow.customer_profiles
[0m14:37:35.509937 [debug] [Thread-2 (]: Began running node model.dbt_finflow.merchant_profiles
[0m14:37:35.510720 [info ] [Thread-2 (]: 3 of 4 START sql table model SILVER_SILVER.merchant_profiles ................... [RUN]
[0m14:37:35.511359 [debug] [Thread-2 (]: Re-using an available connection from the pool (formerly model.dbt_finflow.customer_profiles, now model.dbt_finflow.merchant_profiles)
[0m14:37:35.511803 [debug] [Thread-2 (]: Began compiling node model.dbt_finflow.merchant_profiles
[0m14:37:35.516834 [debug] [Thread-2 (]: Writing injected SQL for node "model.dbt_finflow.merchant_profiles"
[0m14:37:35.521011 [debug] [Thread-2 (]: Began executing node model.dbt_finflow.merchant_profiles
[0m14:37:35.525482 [debug] [Thread-2 (]: Writing runtime sql for node "model.dbt_finflow.merchant_profiles"
[0m14:37:35.527128 [debug] [Thread-2 (]: Using snowflake connection "model.dbt_finflow.merchant_profiles"
[0m14:37:35.527519 [debug] [Thread-2 (]: On model.dbt_finflow.merchant_profiles: create or replace transient table FINFLOW.SILVER_SILVER.merchant_profiles
    
    
    
    as (with step_one as (
    SELECT * from FINFLOW.SILVER_SILVER.stg_transactions
),
final as (
   select merchant_id, COUNT(transaction_id) as Total_Transactions, avg(amount) as Average_Transaction_Amount, max(amount) as max_transaction_amount,
    SUM(case when is_fraud then 1 else 0 END ) as total_fraud_flags, count(distinct user_id) as distinct_users, (SUM(case when is_fraud then 1 else 0 end)::float / COUNT(transaction_id)) * 100 as fraud_rate,
    CURRENT_TIMESTAMP() as processed_at
    from step_one
    group by merchant_id    
)

select * from final
    )

/* {"app": "dbt", "dbt_version": "1.11.11", "profile_name": "dbt_finflow", "target_name": "dev", "node_id": "model.dbt_finflow.merchant_profiles"} */;
[0m14:37:36.767308 [debug] [Thread-2 (]: SQL status: SUCCESS 16 in 1.239 seconds
[0m14:37:36.777191 [debug] [Thread-2 (]: Sending event: {'category': 'dbt', 'action': 'run_model', 'label': '3a597550-861f-48ac-bd71-b3bb9998b170', 'context': [<snowplow_tracker.self_describing_json.SelfDescribingJson object at 0x10fa13810>]}
[0m14:37:36.778410 [info ] [Thread-2 (]: 3 of 4 OK created sql table model SILVER_SILVER.merchant_profiles .............. [[32mSUCCESS 16[0m in 1.27s]
[0m14:37:36.779354 [debug] [Thread-2 (]: Finished running node model.dbt_finflow.merchant_profiles
[0m14:37:36.780334 [debug] [Thread-2 (]: Began running node model.dbt_finflow.fraud_scores
[0m14:37:36.781245 [info ] [Thread-2 (]: 4 of 4 START sql table model SILVER_GOLD.fraud_scores .......................... [RUN]
[0m14:37:36.781851 [debug] [Thread-2 (]: Re-using an available connection from the pool (formerly model.dbt_finflow.merchant_profiles, now model.dbt_finflow.fraud_scores)
[0m14:37:36.782305 [debug] [Thread-2 (]: Began compiling node model.dbt_finflow.fraud_scores
[0m14:37:36.848471 [debug] [Thread-2 (]: Writing injected SQL for node "model.dbt_finflow.fraud_scores"
[0m14:37:36.850195 [debug] [Thread-2 (]: Began executing node model.dbt_finflow.fraud_scores
[0m14:37:36.851967 [debug] [Thread-2 (]: Writing runtime sql for node "model.dbt_finflow.fraud_scores"
[0m14:37:36.853261 [debug] [Thread-2 (]: Using snowflake connection "model.dbt_finflow.fraud_scores"
[0m14:37:36.853499 [debug] [Thread-2 (]: On model.dbt_finflow.fraud_scores: create or replace transient table FINFLOW.SILVER_GOLD.fraud_scores
    
    
    
    as (with stage as (
    select * from FINFLOW.SILVER_SILVER.stg_transactions
), customer_profile as (

     select * from FINFLOW.SILVER_SILVER.customer_profiles
), merchant_profiles as (

     select * from FINFLOW.SILVER_SILVER.merchant_profiles
), join_final as(
select
    s.transaction_id,
    s.user_id,
    s.merchant_id,
    s.amount,
    s.timestamp,
    s.location,
    s.device_type,
    s.is_fraud,
    cp.total_fraud_flags,
    cp.avg_transaction_amount,
    ms.fraud_rate,
    ms.avg_transaction_amount as merchant_avg_amount
from stage s
join customer_profile cp on s.user_id = cp.user_id
join merchant_profiles ms on s.merchant_id = ms.merchant_id 
), risk_score as (
    select
        *,
        (CASE WHEN fraud_rate > 50 THEN 40 ELSE 0 END) +
        (CASE WHEN amount > (2 * avg_transaction_amount) THEN 25 ELSE 0 END) +
        (CASE WHEN total_fraud_flags > 0 THEN 20 ELSE 0 END) +
        (CASE WHEN amount > 2000 THEN 15 ELSE 0 END) as risk_score
    from join_final
)



SELECT 
    transaction_id,
    user_id,
    merchant_id,
    amount,
    timestamp,
    location,
    device_type,
    is_fraud,
    total_fraud_flags,
    fraud_rate,
    risk_score,
    CASE 
        WHEN risk_score >= 80 THEN 'HIGH'
        WHEN risk_score BETWEEN 40 AND 79 THEN 'MEDIUM'
        ELSE 'LOW'
    END AS risk_label,
    CURRENT_TIMESTAMP() as processed_at
FROM risk_score
    )

/* {"app": "dbt", "dbt_version": "1.11.11", "profile_name": "dbt_finflow", "target_name": "dev", "node_id": "model.dbt_finflow.fraud_scores"} */;
[0m14:37:37.225200 [debug] [Thread-2 (]: Snowflake adapter: Snowflake query id: 01c5123d-0105-ebf4-000e-5cbe00201c8e
[0m14:37:37.226354 [debug] [Thread-2 (]: Snowflake adapter: Snowflake error: 000904 (42000): SQL compilation error: error line 24 at position 4
invalid identifier 'CP.AVG_TRANSACTION_AMOUNT'
[0m14:37:37.232341 [debug] [Thread-2 (]: Database Error in model fraud_scores (models/gold/fraud_scores.sql)
  000904 (42000): SQL compilation error: error line 24 at position 4
  invalid identifier 'CP.AVG_TRANSACTION_AMOUNT'
  compiled code at target/run/dbt_finflow/models/gold/fraud_scores.sql
[0m14:37:37.233258 [debug] [Thread-2 (]: Sending event: {'category': 'dbt', 'action': 'run_model', 'label': '3a597550-861f-48ac-bd71-b3bb9998b170', 'context': [<snowplow_tracker.self_describing_json.SelfDescribingJson object at 0x10c790990>]}
[0m14:37:37.234195 [error] [Thread-2 (]: 4 of 4 ERROR creating sql table model SILVER_GOLD.fraud_scores ................. [[31mERROR[0m in 0.45s]
[0m14:37:37.234935 [debug] [Thread-2 (]: Finished running node model.dbt_finflow.fraud_scores
[0m14:37:37.235636 [debug] [Thread-5 (]: Marking all children of 'model.dbt_finflow.fraud_scores' to be skipped because of status 'error'.  Reason: Database Error in model fraud_scores (models/gold/fraud_scores.sql)
  000904 (42000): SQL compilation error: error line 24 at position 4
  invalid identifier 'CP.AVG_TRANSACTION_AMOUNT'
  compiled code at target/run/dbt_finflow/models/gold/fraud_scores.sql.
[0m14:37:37.237922 [debug] [MainThread]: Connection 'master' was properly closed.
[0m14:37:37.238292 [debug] [MainThread]: Connection 'model.dbt_finflow.fraud_scores' was left open.
[0m14:37:37.238589 [debug] [MainThread]: On model.dbt_finflow.fraud_scores: Close
[0m14:37:37.350726 [info ] [MainThread]: 
[0m14:37:37.351285 [info ] [MainThread]: Finished running 3 table models, 1 view model in 0 hours 0 minutes and 5.29 seconds (5.29s).
[0m14:37:37.352333 [debug] [MainThread]: Command end result
[0m14:37:37.391955 [debug] [MainThread]: Wrote artifact WritableManifest to /Users/parin/Documents/finflow_analytics/dbt_finflow/target/manifest.json
[0m14:37:37.393184 [debug] [MainThread]: Wrote artifact SemanticManifest to /Users/parin/Documents/finflow_analytics/dbt_finflow/target/semantic_manifest.json
[0m14:37:37.396881 [debug] [MainThread]: Wrote artifact RunExecutionResult to /Users/parin/Documents/finflow_analytics/dbt_finflow/target/run_results.json
[0m14:37:37.397088 [info ] [MainThread]: 
[0m14:37:37.397296 [info ] [MainThread]: [31mCompleted with 1 error, 0 partial successes, and 0 warnings:[0m
[0m14:37:37.397466 [info ] [MainThread]: 
[0m14:37:37.397673 [error] [MainThread]: [31mFailure in model fraud_scores (models/gold/fraud_scores.sql)[0m
[0m14:37:37.397868 [error] [MainThread]:   Database Error in model fraud_scores (models/gold/fraud_scores.sql)
  000904 (42000): SQL compilation error: error line 24 at position 4
  invalid identifier 'CP.AVG_TRANSACTION_AMOUNT'
  compiled code at target/run/dbt_finflow/models/gold/fraud_scores.sql
[0m14:37:37.398024 [info ] [MainThread]: 
[0m14:37:37.398200 [info ] [MainThread]:   compiled code at target/compiled/dbt_finflow/models/gold/fraud_scores.sql
[0m14:37:37.398348 [info ] [MainThread]: 
[0m14:37:37.398593 [info ] [MainThread]: Done. PASS=3 WARN=0 ERROR=1 SKIP=0 NO-OP=0 TOTAL=4
[0m14:37:37.400265 [debug] [MainThread]: Resource report: {"command_name": "run", "command_success": false, "command_wall_clock_time": 6.463542, "process_in_blocks": "0", "process_kernel_time": 0.378307, "process_mem_max_rss": "220282880", "process_out_blocks": "0", "process_user_time": 1.64584}
[0m14:37:37.400506 [debug] [MainThread]: Command `dbt run` failed at 14:37:37.400463 after 6.46 seconds
[0m14:37:37.400722 [debug] [MainThread]: Sending event: {'category': 'dbt', 'action': 'invocation', 'label': 'end', 'context': [<snowplow_tracker.self_describing_json.SelfDescribingJson object at 0x101071610>, <snowplow_tracker.self_describing_json.SelfDescribingJson object at 0x10c9c6390>, <snowplow_tracker.self_describing_json.SelfDescribingJson object at 0x10597f850>]}
[0m14:37:37.400921 [debug] [MainThread]: Flushing usage events
[0m14:37:37.486107 [debug] [MainThread]: An error was encountered while trying to flush usage events
[0m14:38:43.943307 [debug] [MainThread]: Sending event: {'category': 'dbt', 'action': 'invocation', 'label': 'start', 'context': [<snowplow_tracker.self_describing_json.SelfDescribingJson object at 0x1052295d0>, <snowplow_tracker.self_describing_json.SelfDescribingJson object at 0x10532ae10>, <snowplow_tracker.self_describing_json.SelfDescribingJson object at 0x10532b450>]}


============================== 14:38:43.946263 | d1a75274-ce3a-4e3d-a682-ebd812e90c8a ==============================
[0m14:38:43.946263 [info ] [MainThread]: Running with dbt=1.11.11
[0m14:38:43.946597 [debug] [MainThread]: running dbt with arguments {'warn_error_options': 'WarnErrorOptionsV2(error=[], warn=[], silence=[])', 'write_json': 'True', 'use_colors': 'True', 'partial_parse': 'True', 'printer_width': '80', 'quiet': 'False', 'target_path': 'None', 'use_experimental_parser': 'False', 'log_cache_events': 'False', 'fail_fast': 'False', 'cache_selected_only': 'False', 'log_format': 'default', 'send_anonymous_usage_stats': 'True', 'invocation_command': 'dbt run', 'static_parser': 'True', 'empty': 'False', 'warn_error': 'None', 'indirect_selection': 'eager', 'version_check': 'True', 'profiles_dir': '/Users/parin/.dbt', 'log_path': '/Users/parin/Documents/finflow_analytics/dbt_finflow/logs', 'debug': 'False', 'no_print': 'None', 'introspect': 'True'}
[0m14:38:44.721302 [debug] [MainThread]: Snowflake adapter: Setting snowflake.connector to ERROR (file logging only)
[0m14:38:44.721607 [debug] [MainThread]: Snowflake adapter: Setting botocore to ERROR (file logging only)
[0m14:38:44.721770 [debug] [MainThread]: Snowflake adapter: Setting boto3 to ERROR (file logging only)
[0m14:38:44.867289 [debug] [MainThread]: Sending event: {'category': 'dbt', 'action': 'project_id', 'label': 'd1a75274-ce3a-4e3d-a682-ebd812e90c8a', 'context': [<snowplow_tracker.self_describing_json.SelfDescribingJson object at 0x10b6bc8d0>]}
[0m14:38:44.901210 [debug] [MainThread]: Sending event: {'category': 'dbt', 'action': 'adapter_info', 'label': 'd1a75274-ce3a-4e3d-a682-ebd812e90c8a', 'context': [<snowplow_tracker.self_describing_json.SelfDescribingJson object at 0x10beb2050>]}
[0m14:38:44.901773 [info ] [MainThread]: Registered adapter: snowflake=1.11.5
[0m14:38:44.976221 [debug] [MainThread]: checksum: 30a8cc8fdcbf66701b0944d4ccce3fa46dd04b61e5df68b9f16d57b2e0e3f0be, vars: {}, profile: , target: , version: 1.11.11
[0m14:38:45.062684 [debug] [MainThread]: Partial parsing enabled: 0 files deleted, 0 files added, 1 files changed.
[0m14:38:45.063038 [debug] [MainThread]: Partial parsing: updated file: dbt_finflow://models/gold/fraud_scores.sql
[0m14:38:45.208438 [debug] [MainThread]: Sending event: {'category': 'dbt', 'action': 'load_project', 'label': 'd1a75274-ce3a-4e3d-a682-ebd812e90c8a', 'context': [<snowplow_tracker.self_describing_json.SelfDescribingJson object at 0x10ea32190>]}
[0m14:38:45.265853 [debug] [MainThread]: Wrote artifact WritableManifest to /Users/parin/Documents/finflow_analytics/dbt_finflow/target/manifest.json
[0m14:38:45.267094 [debug] [MainThread]: Wrote artifact SemanticManifest to /Users/parin/Documents/finflow_analytics/dbt_finflow/target/semantic_manifest.json
[0m14:38:45.272866 [debug] [MainThread]: Sending event: {'category': 'dbt', 'action': 'resource_counts', 'label': 'd1a75274-ce3a-4e3d-a682-ebd812e90c8a', 'context': [<snowplow_tracker.self_describing_json.SelfDescribingJson object at 0x10c1b2dd0>]}
[0m14:38:45.273104 [info ] [MainThread]: Found 4 models, 1 source, 536 macros
[0m14:38:45.273277 [debug] [MainThread]: Sending event: {'category': 'dbt', 'action': 'runnable_timing', 'label': 'd1a75274-ce3a-4e3d-a682-ebd812e90c8a', 'context': [<snowplow_tracker.self_describing_json.SelfDescribingJson object at 0x10bdc2f90>]}
[0m14:38:45.274106 [info ] [MainThread]: 
[0m14:38:45.274283 [info ] [MainThread]: Concurrency: 1 threads (target='dev')
[0m14:38:45.274410 [info ] [MainThread]: 
[0m14:38:45.274631 [debug] [MainThread]: Acquiring new snowflake connection 'master'
[0m14:38:45.276852 [debug] [ThreadPool]: Acquiring new snowflake connection 'list_FINFLOW'
[0m14:38:45.353474 [debug] [ThreadPool]: Using snowflake connection "list_FINFLOW"
[0m14:38:45.353740 [debug] [ThreadPool]: On list_FINFLOW: show terse schemas in database FINFLOW
    limit 10000
/* {"app": "dbt", "dbt_version": "1.11.11", "profile_name": "dbt_finflow", "target_name": "dev", "connection_name": "list_FINFLOW"} */
[0m14:38:45.353895 [debug] [ThreadPool]: Opening a new connection, currently in state init
[0m14:38:46.092863 [debug] [ThreadPool]: SQL status: SUCCESS 5 in 0.739 seconds
[0m14:38:46.097769 [debug] [ThreadPool]: Using snowflake connection "list_FINFLOW"
[0m14:38:46.098193 [debug] [ThreadPool]: On list_FINFLOW: show terse schemas in database FINFLOW
    limit 10000
/* {"app": "dbt", "dbt_version": "1.11.11", "profile_name": "dbt_finflow", "target_name": "dev", "connection_name": "list_FINFLOW"} */
[0m14:38:46.180308 [debug] [ThreadPool]: SQL status: SUCCESS 5 in 0.082 seconds
[0m14:38:46.185776 [debug] [ThreadPool]: Re-using an available connection from the pool (formerly list_FINFLOW, now list_FINFLOW_SILVER_SILVER)
[0m14:38:46.204432 [debug] [ThreadPool]: Using snowflake connection "list_FINFLOW_SILVER_SILVER"
[0m14:38:46.204925 [debug] [ThreadPool]: On list_FINFLOW_SILVER_SILVER: show objects in FINFLOW.SILVER_SILVER
    limit 10000
    

/* {"app": "dbt", "dbt_version": "1.11.11", "profile_name": "dbt_finflow", "target_name": "dev", "connection_name": "list_FINFLOW_SILVER_SILVER"} */;
[0m14:38:46.374089 [debug] [ThreadPool]: SQL status: SUCCESS 3 in 0.169 seconds
[0m14:38:46.378447 [debug] [ThreadPool]: Re-using an available connection from the pool (formerly list_FINFLOW_SILVER_SILVER, now list_FINFLOW_SILVER_GOLD)
[0m14:38:46.384886 [debug] [ThreadPool]: Using snowflake connection "list_FINFLOW_SILVER_GOLD"
[0m14:38:46.385489 [debug] [ThreadPool]: On list_FINFLOW_SILVER_GOLD: show objects in FINFLOW.SILVER_GOLD
    limit 10000
    

/* {"app": "dbt", "dbt_version": "1.11.11", "profile_name": "dbt_finflow", "target_name": "dev", "connection_name": "list_FINFLOW_SILVER_GOLD"} */;
[0m14:38:46.469162 [debug] [ThreadPool]: SQL status: SUCCESS 0 in 0.083 seconds
[0m14:38:46.470316 [debug] [MainThread]: Sending event: {'category': 'dbt', 'action': 'runnable_timing', 'label': 'd1a75274-ce3a-4e3d-a682-ebd812e90c8a', 'context': [<snowplow_tracker.self_describing_json.SelfDescribingJson object at 0x104b57ed0>]}
[0m14:38:46.471887 [debug] [Thread-2 (]: Began running node model.dbt_finflow.stg_transactions
[0m14:38:46.472235 [info ] [Thread-2 (]: 1 of 4 START sql view model SILVER_SILVER.stg_transactions ..................... [RUN]
[0m14:38:46.472724 [debug] [Thread-2 (]: Re-using an available connection from the pool (formerly list_FINFLOW_SILVER_GOLD, now model.dbt_finflow.stg_transactions)
[0m14:38:46.472973 [debug] [Thread-2 (]: Began compiling node model.dbt_finflow.stg_transactions
[0m14:38:46.477877 [debug] [Thread-2 (]: Writing injected SQL for node "model.dbt_finflow.stg_transactions"
[0m14:38:46.478461 [debug] [Thread-2 (]: Began executing node model.dbt_finflow.stg_transactions
[0m14:38:46.496035 [debug] [Thread-2 (]: Writing runtime sql for node "model.dbt_finflow.stg_transactions"
[0m14:38:46.496973 [debug] [Thread-2 (]: Using snowflake connection "model.dbt_finflow.stg_transactions"
[0m14:38:46.497196 [debug] [Thread-2 (]: On model.dbt_finflow.stg_transactions: create or replace   view FINFLOW.SILVER_SILVER.stg_transactions
  
  
  
  
  as (
    -- CTE 1: source — just select from Bronze
-- CTE 2: deduplicate — remove duplicate transaction_ids
-- CTE 3: clean — round amount, cast types
-- Final SELECT — output everything including processed_at

with source as (
    SELECT * from FINFLOW.BRONZE.RAW_TRANSACTIONS
),
deduplicate as (
    select *, ROW_NUMBER() OVER (PARTITION BY TRANSACTION_ID
    ORDER BY (TIMESTAMP) ) AS rn 
    FROM source 
),
final as (
    select TRANSACTION_ID, USER_ID, MERCHANT_ID, ROUND(AMOUNT,2) as Amount, TIMESTAMP,LOCATION,DEVICE_TYPE,IS_FRAUD
    from deduplicate 
    where rn = 1

)

select *, CURRENT_TIMESTAMP() AS processed_at from final
  )
/* {"app": "dbt", "dbt_version": "1.11.11", "profile_name": "dbt_finflow", "target_name": "dev", "node_id": "model.dbt_finflow.stg_transactions"} */;
[0m14:38:46.830633 [debug] [Thread-2 (]: SQL status: SUCCESS 1 in 0.333 seconds
[0m14:38:46.864562 [debug] [Thread-2 (]: Sending event: {'category': 'dbt', 'action': 'run_model', 'label': 'd1a75274-ce3a-4e3d-a682-ebd812e90c8a', 'context': [<snowplow_tracker.self_describing_json.SelfDescribingJson object at 0x113068910>]}
[0m14:38:46.865239 [info ] [Thread-2 (]: 1 of 4 OK created sql view model SILVER_SILVER.stg_transactions ................ [[32mSUCCESS 1[0m in 0.39s]
[0m14:38:46.865706 [debug] [Thread-2 (]: Finished running node model.dbt_finflow.stg_transactions
[0m14:38:46.866402 [debug] [Thread-2 (]: Began running node model.dbt_finflow.customer_profiles
[0m14:38:46.866827 [info ] [Thread-2 (]: 2 of 4 START sql table model SILVER_SILVER.customer_profiles ................... [RUN]
[0m14:38:46.867198 [debug] [Thread-2 (]: Re-using an available connection from the pool (formerly model.dbt_finflow.stg_transactions, now model.dbt_finflow.customer_profiles)
[0m14:38:46.867481 [debug] [Thread-2 (]: Began compiling node model.dbt_finflow.customer_profiles
[0m14:38:46.870038 [debug] [Thread-2 (]: Writing injected SQL for node "model.dbt_finflow.customer_profiles"
[0m14:38:46.870622 [debug] [Thread-2 (]: Began executing node model.dbt_finflow.customer_profiles
[0m14:38:46.887182 [debug] [Thread-2 (]: Writing runtime sql for node "model.dbt_finflow.customer_profiles"
[0m14:38:46.888378 [debug] [Thread-2 (]: Using snowflake connection "model.dbt_finflow.customer_profiles"
[0m14:38:46.888666 [debug] [Thread-2 (]: On model.dbt_finflow.customer_profiles: create or replace transient table FINFLOW.SILVER_SILVER.customer_profiles
    
    
    
    as (with step_one as (
    SELECT * from FINFLOW.SILVER_SILVER.stg_transactions
),
final as (
select user_id, count(transaction_id) as Total_Transactions, avg(amount) as Average_Transaction_Amount, max(amount) as max_transaction_amount, 
SUM(case when is_fraud then 1 else 0 END ) as total_fraud_flags, count(distinct merchant_id) as distinct_merchants, COUNT(DISTINCT LOCATION) as distinct_locations , min(timestamp) as first_seen, 
max(timestamp) as last_seen, CURRENT_TIMESTAMP() as processed_at
from step_one
group by user_id
)

select * from final
    )

/* {"app": "dbt", "dbt_version": "1.11.11", "profile_name": "dbt_finflow", "target_name": "dev", "node_id": "model.dbt_finflow.customer_profiles"} */;
[0m14:38:47.920569 [debug] [Thread-2 (]: SQL status: SUCCESS 50 in 1.031 seconds
[0m14:38:47.925459 [debug] [Thread-2 (]: Sending event: {'category': 'dbt', 'action': 'run_model', 'label': 'd1a75274-ce3a-4e3d-a682-ebd812e90c8a', 'context': [<snowplow_tracker.self_describing_json.SelfDescribingJson object at 0x11306b7d0>]}
[0m14:38:47.926385 [info ] [Thread-2 (]: 2 of 4 OK created sql table model SILVER_SILVER.customer_profiles .............. [[32mSUCCESS 50[0m in 1.06s]
[0m14:38:47.927119 [debug] [Thread-2 (]: Finished running node model.dbt_finflow.customer_profiles
[0m14:38:47.927616 [debug] [Thread-2 (]: Began running node model.dbt_finflow.merchant_profiles
[0m14:38:47.928348 [info ] [Thread-2 (]: 3 of 4 START sql table model SILVER_SILVER.merchant_profiles ................... [RUN]
[0m14:38:47.929014 [debug] [Thread-2 (]: Re-using an available connection from the pool (formerly model.dbt_finflow.customer_profiles, now model.dbt_finflow.merchant_profiles)
[0m14:38:47.929491 [debug] [Thread-2 (]: Began compiling node model.dbt_finflow.merchant_profiles
[0m14:38:47.933123 [debug] [Thread-2 (]: Writing injected SQL for node "model.dbt_finflow.merchant_profiles"
[0m14:38:47.934773 [debug] [Thread-2 (]: Began executing node model.dbt_finflow.merchant_profiles
[0m14:38:47.938514 [debug] [Thread-2 (]: Writing runtime sql for node "model.dbt_finflow.merchant_profiles"
[0m14:38:47.940572 [debug] [Thread-2 (]: Using snowflake connection "model.dbt_finflow.merchant_profiles"
[0m14:38:47.940959 [debug] [Thread-2 (]: On model.dbt_finflow.merchant_profiles: create or replace transient table FINFLOW.SILVER_SILVER.merchant_profiles
    
    
    
    as (with step_one as (
    SELECT * from FINFLOW.SILVER_SILVER.stg_transactions
),
final as (
   select merchant_id, COUNT(transaction_id) as Total_Transactions, avg(amount) as Average_Transaction_Amount, max(amount) as max_transaction_amount,
    SUM(case when is_fraud then 1 else 0 END ) as total_fraud_flags, count(distinct user_id) as distinct_users, (SUM(case when is_fraud then 1 else 0 end)::float / COUNT(transaction_id)) * 100 as fraud_rate,
    CURRENT_TIMESTAMP() as processed_at
    from step_one
    group by merchant_id    
)

select * from final
    )

/* {"app": "dbt", "dbt_version": "1.11.11", "profile_name": "dbt_finflow", "target_name": "dev", "node_id": "model.dbt_finflow.merchant_profiles"} */;
[0m14:38:48.857670 [debug] [Thread-2 (]: SQL status: SUCCESS 16 in 0.916 seconds
[0m14:38:48.863255 [debug] [Thread-2 (]: Sending event: {'category': 'dbt', 'action': 'run_model', 'label': 'd1a75274-ce3a-4e3d-a682-ebd812e90c8a', 'context': [<snowplow_tracker.self_describing_json.SelfDescribingJson object at 0x113080e10>]}
[0m14:38:48.864701 [info ] [Thread-2 (]: 3 of 4 OK created sql table model SILVER_SILVER.merchant_profiles .............. [[32mSUCCESS 16[0m in 0.93s]
[0m14:38:48.865577 [debug] [Thread-2 (]: Finished running node model.dbt_finflow.merchant_profiles
[0m14:38:48.866855 [debug] [Thread-2 (]: Began running node model.dbt_finflow.fraud_scores
[0m14:38:48.867553 [info ] [Thread-2 (]: 4 of 4 START sql table model SILVER_GOLD.fraud_scores .......................... [RUN]
[0m14:38:48.868139 [debug] [Thread-2 (]: Re-using an available connection from the pool (formerly model.dbt_finflow.merchant_profiles, now model.dbt_finflow.fraud_scores)
[0m14:38:48.868565 [debug] [Thread-2 (]: Began compiling node model.dbt_finflow.fraud_scores
[0m14:38:48.874472 [debug] [Thread-2 (]: Writing injected SQL for node "model.dbt_finflow.fraud_scores"
[0m14:38:48.876723 [debug] [Thread-2 (]: Began executing node model.dbt_finflow.fraud_scores
[0m14:38:48.881107 [debug] [Thread-2 (]: Writing runtime sql for node "model.dbt_finflow.fraud_scores"
[0m14:38:48.883839 [debug] [Thread-2 (]: Using snowflake connection "model.dbt_finflow.fraud_scores"
[0m14:38:48.884279 [debug] [Thread-2 (]: On model.dbt_finflow.fraud_scores: create or replace transient table FINFLOW.SILVER_GOLD.fraud_scores
    
    
    
    as (with stage as (
    select * from FINFLOW.SILVER_SILVER.stg_transactions
), customer_profile as (

     select * from FINFLOW.SILVER_SILVER.customer_profiles
), merchant_profiles as (

     select * from FINFLOW.SILVER_SILVER.merchant_profiles
), join_final as(
select
    s.transaction_id,
    s.user_id,
    s.merchant_id,
    s.amount,
    s.timestamp,
    s.location,
    s.device_type,
    s.is_fraud,
    cp.total_fraud_flags,
    cp.Average_Transaction_Amount,
    ms.fraud_rate,
    ms.avg_transaction_amount as merchant_avg_amount
from stage s
join customer_profile cp on s.user_id = cp.user_id
join merchant_profiles ms on s.merchant_id = ms.merchant_id 
), risk_score as (
    select
        *,
        (CASE WHEN fraud_rate > 50 THEN 40 ELSE 0 END) +
        (CASE WHEN amount > (2 * Average_Transaction_Amount) THEN 25 ELSE 0 END) +
        (CASE WHEN total_fraud_flags > 0 THEN 20 ELSE 0 END) +
        (CASE WHEN amount > 2000 THEN 15 ELSE 0 END) as risk_score
    from join_final
)



SELECT 
    transaction_id,
    user_id,
    merchant_id,
    amount,
    timestamp,
    location,
    device_type,
    is_fraud,
    total_fraud_flags,
    fraud_rate,
    risk_score,
    CASE 
        WHEN risk_score >= 80 THEN 'HIGH'
        WHEN risk_score BETWEEN 40 AND 79 THEN 'MEDIUM'
        ELSE 'LOW'
    END AS risk_label,
    CURRENT_TIMESTAMP() as processed_at
FROM risk_score
    )

/* {"app": "dbt", "dbt_version": "1.11.11", "profile_name": "dbt_finflow", "target_name": "dev", "node_id": "model.dbt_finflow.fraud_scores"} */;
[0m14:38:49.276681 [debug] [Thread-2 (]: Snowflake adapter: Snowflake query id: 01c5123e-0105-ebf4-000e-5cbe00201c9e
[0m14:38:49.277485 [debug] [Thread-2 (]: Snowflake adapter: Snowflake error: 000904 (42000): SQL compilation error: error line 26 at position 4
invalid identifier 'MS.AVG_TRANSACTION_AMOUNT'
[0m14:38:49.282603 [debug] [Thread-2 (]: Database Error in model fraud_scores (models/gold/fraud_scores.sql)
  000904 (42000): SQL compilation error: error line 26 at position 4
  invalid identifier 'MS.AVG_TRANSACTION_AMOUNT'
  compiled code at target/run/dbt_finflow/models/gold/fraud_scores.sql
[0m14:38:49.283300 [debug] [Thread-2 (]: Sending event: {'category': 'dbt', 'action': 'run_model', 'label': 'd1a75274-ce3a-4e3d-a682-ebd812e90c8a', 'context': [<snowplow_tracker.self_describing_json.SelfDescribingJson object at 0x10c1aa790>]}
[0m14:38:49.284054 [error] [Thread-2 (]: 4 of 4 ERROR creating sql table model SILVER_GOLD.fraud_scores ................. [[31mERROR[0m in 0.42s]
[0m14:38:49.284657 [debug] [Thread-2 (]: Finished running node model.dbt_finflow.fraud_scores
[0m14:38:49.285199 [debug] [Thread-5 (]: Marking all children of 'model.dbt_finflow.fraud_scores' to be skipped because of status 'error'.  Reason: Database Error in model fraud_scores (models/gold/fraud_scores.sql)
  000904 (42000): SQL compilation error: error line 26 at position 4
  invalid identifier 'MS.AVG_TRANSACTION_AMOUNT'
  compiled code at target/run/dbt_finflow/models/gold/fraud_scores.sql.
[0m14:38:49.287091 [debug] [MainThread]: Connection 'master' was properly closed.
[0m14:38:49.287399 [debug] [MainThread]: Connection 'model.dbt_finflow.fraud_scores' was left open.
[0m14:38:49.287660 [debug] [MainThread]: On model.dbt_finflow.fraud_scores: Close
[0m14:38:49.381350 [info ] [MainThread]: 
[0m14:38:49.381984 [info ] [MainThread]: Finished running 3 table models, 1 view model in 0 hours 0 minutes and 4.11 seconds (4.11s).
[0m14:38:49.383386 [debug] [MainThread]: Command end result
[0m14:38:49.423877 [debug] [MainThread]: Wrote artifact WritableManifest to /Users/parin/Documents/finflow_analytics/dbt_finflow/target/manifest.json
[0m14:38:49.424956 [debug] [MainThread]: Wrote artifact SemanticManifest to /Users/parin/Documents/finflow_analytics/dbt_finflow/target/semantic_manifest.json
[0m14:38:49.428700 [debug] [MainThread]: Wrote artifact RunExecutionResult to /Users/parin/Documents/finflow_analytics/dbt_finflow/target/run_results.json
[0m14:38:49.428907 [info ] [MainThread]: 
[0m14:38:49.429119 [info ] [MainThread]: [31mCompleted with 1 error, 0 partial successes, and 0 warnings:[0m
[0m14:38:49.429297 [info ] [MainThread]: 
[0m14:38:49.429516 [error] [MainThread]: [31mFailure in model fraud_scores (models/gold/fraud_scores.sql)[0m
[0m14:38:49.429718 [error] [MainThread]:   Database Error in model fraud_scores (models/gold/fraud_scores.sql)
  000904 (42000): SQL compilation error: error line 26 at position 4
  invalid identifier 'MS.AVG_TRANSACTION_AMOUNT'
  compiled code at target/run/dbt_finflow/models/gold/fraud_scores.sql
[0m14:38:49.429877 [info ] [MainThread]: 
[0m14:38:49.430054 [info ] [MainThread]:   compiled code at target/compiled/dbt_finflow/models/gold/fraud_scores.sql
[0m14:38:49.430205 [info ] [MainThread]: 
[0m14:38:49.430370 [info ] [MainThread]: Done. PASS=3 WARN=0 ERROR=1 SKIP=0 NO-OP=0 TOTAL=4
[0m14:38:49.432338 [debug] [MainThread]: Resource report: {"command_name": "run", "command_success": false, "command_wall_clock_time": 5.5382257, "process_in_blocks": "0", "process_kernel_time": 0.367512, "process_mem_max_rss": "225837056", "process_out_blocks": "0", "process_user_time": 1.721865}
[0m14:38:49.432576 [debug] [MainThread]: Command `dbt run` failed at 14:38:49.432534 after 5.54 seconds
[0m14:38:49.432794 [debug] [MainThread]: Sending event: {'category': 'dbt', 'action': 'invocation', 'label': 'end', 'context': [<snowplow_tracker.self_describing_json.SelfDescribingJson object at 0x105347990>, <snowplow_tracker.self_describing_json.SelfDescribingJson object at 0x10532b290>, <snowplow_tracker.self_describing_json.SelfDescribingJson object at 0x100691450>]}
[0m14:38:49.432990 [debug] [MainThread]: Flushing usage events
[0m14:38:49.541505 [debug] [MainThread]: An error was encountered while trying to flush usage events
[0m14:39:10.845993 [debug] [MainThread]: Sending event: {'category': 'dbt', 'action': 'invocation', 'label': 'start', 'context': [<snowplow_tracker.self_describing_json.SelfDescribingJson object at 0x108585d90>, <snowplow_tracker.self_describing_json.SelfDescribingJson object at 0x108786d90>, <snowplow_tracker.self_describing_json.SelfDescribingJson object at 0x108787410>]}


============================== 14:39:10.849192 | bf7bb110-d7f4-4c62-a179-021f8b3ea12a ==============================
[0m14:39:10.849192 [info ] [MainThread]: Running with dbt=1.11.11
[0m14:39:10.849533 [debug] [MainThread]: running dbt with arguments {'no_print': 'None', 'profiles_dir': '/Users/parin/.dbt', 'target_path': 'None', 'indirect_selection': 'eager', 'use_experimental_parser': 'False', 'printer_width': '80', 'debug': 'False', 'log_format': 'default', 'cache_selected_only': 'False', 'invocation_command': 'dbt run', 'empty': 'False', 'log_cache_events': 'False', 'send_anonymous_usage_stats': 'True', 'partial_parse': 'True', 'introspect': 'True', 'version_check': 'True', 'quiet': 'False', 'warn_error_options': 'WarnErrorOptionsV2(error=[], warn=[], silence=[])', 'warn_error': 'None', 'fail_fast': 'False', 'use_colors': 'True', 'static_parser': 'True', 'log_path': '/Users/parin/Documents/finflow_analytics/dbt_finflow/logs', 'write_json': 'True'}
[0m14:39:11.567935 [debug] [MainThread]: Snowflake adapter: Setting snowflake.connector to ERROR (file logging only)
[0m14:39:11.568269 [debug] [MainThread]: Snowflake adapter: Setting botocore to ERROR (file logging only)
[0m14:39:11.568440 [debug] [MainThread]: Snowflake adapter: Setting boto3 to ERROR (file logging only)
[0m14:39:11.672466 [debug] [MainThread]: Sending event: {'category': 'dbt', 'action': 'project_id', 'label': 'bf7bb110-d7f4-4c62-a179-021f8b3ea12a', 'context': [<snowplow_tracker.self_describing_json.SelfDescribingJson object at 0x118573cd0>]}
[0m14:39:11.706434 [debug] [MainThread]: Sending event: {'category': 'dbt', 'action': 'adapter_info', 'label': 'bf7bb110-d7f4-4c62-a179-021f8b3ea12a', 'context': [<snowplow_tracker.self_describing_json.SelfDescribingJson object at 0x1084925d0>]}
[0m14:39:11.707033 [info ] [MainThread]: Registered adapter: snowflake=1.11.5
[0m14:39:11.781939 [debug] [MainThread]: checksum: 30a8cc8fdcbf66701b0944d4ccce3fa46dd04b61e5df68b9f16d57b2e0e3f0be, vars: {}, profile: , target: , version: 1.11.11
[0m14:39:11.862158 [debug] [MainThread]: Partial parsing enabled: 0 files deleted, 0 files added, 1 files changed.
[0m14:39:11.862448 [debug] [MainThread]: Partial parsing: updated file: dbt_finflow://models/gold/fraud_scores.sql
[0m14:39:12.008517 [debug] [MainThread]: Sending event: {'category': 'dbt', 'action': 'load_project', 'label': 'bf7bb110-d7f4-4c62-a179-021f8b3ea12a', 'context': [<snowplow_tracker.self_describing_json.SelfDescribingJson object at 0x119420f90>]}
[0m14:39:12.050233 [debug] [MainThread]: Wrote artifact WritableManifest to /Users/parin/Documents/finflow_analytics/dbt_finflow/target/manifest.json
[0m14:39:12.051595 [debug] [MainThread]: Wrote artifact SemanticManifest to /Users/parin/Documents/finflow_analytics/dbt_finflow/target/semantic_manifest.json
[0m14:39:12.057318 [debug] [MainThread]: Sending event: {'category': 'dbt', 'action': 'resource_counts', 'label': 'bf7bb110-d7f4-4c62-a179-021f8b3ea12a', 'context': [<snowplow_tracker.self_describing_json.SelfDescribingJson object at 0x119238250>]}
[0m14:39:12.057576 [info ] [MainThread]: Found 4 models, 1 source, 536 macros
[0m14:39:12.057763 [debug] [MainThread]: Sending event: {'category': 'dbt', 'action': 'runnable_timing', 'label': 'bf7bb110-d7f4-4c62-a179-021f8b3ea12a', 'context': [<snowplow_tracker.self_describing_json.SelfDescribingJson object at 0x119439510>]}
[0m14:39:12.058649 [info ] [MainThread]: 
[0m14:39:12.058840 [info ] [MainThread]: Concurrency: 1 threads (target='dev')
[0m14:39:12.058972 [info ] [MainThread]: 
[0m14:39:12.059216 [debug] [MainThread]: Acquiring new snowflake connection 'master'
[0m14:39:12.061632 [debug] [ThreadPool]: Acquiring new snowflake connection 'list_FINFLOW'
[0m14:39:12.138997 [debug] [ThreadPool]: Using snowflake connection "list_FINFLOW"
[0m14:39:12.139256 [debug] [ThreadPool]: On list_FINFLOW: show terse schemas in database FINFLOW
    limit 10000
/* {"app": "dbt", "dbt_version": "1.11.11", "profile_name": "dbt_finflow", "target_name": "dev", "connection_name": "list_FINFLOW"} */
[0m14:39:12.139398 [debug] [ThreadPool]: Opening a new connection, currently in state init
[0m14:39:13.112477 [debug] [ThreadPool]: SQL status: SUCCESS 5 in 0.973 seconds
[0m14:39:13.121779 [debug] [ThreadPool]: Using snowflake connection "list_FINFLOW"
[0m14:39:13.122386 [debug] [ThreadPool]: On list_FINFLOW: show terse schemas in database FINFLOW
    limit 10000
/* {"app": "dbt", "dbt_version": "1.11.11", "profile_name": "dbt_finflow", "target_name": "dev", "connection_name": "list_FINFLOW"} */
[0m14:39:13.238455 [debug] [ThreadPool]: SQL status: SUCCESS 5 in 0.116 seconds
[0m14:39:13.240538 [debug] [ThreadPool]: Re-using an available connection from the pool (formerly list_FINFLOW, now list_FINFLOW_SILVER_SILVER)
[0m14:39:13.249533 [debug] [ThreadPool]: Using snowflake connection "list_FINFLOW_SILVER_SILVER"
[0m14:39:13.249777 [debug] [ThreadPool]: On list_FINFLOW_SILVER_SILVER: show objects in FINFLOW.SILVER_SILVER
    limit 10000
    

/* {"app": "dbt", "dbt_version": "1.11.11", "profile_name": "dbt_finflow", "target_name": "dev", "connection_name": "list_FINFLOW_SILVER_SILVER"} */;
[0m14:39:13.355499 [debug] [ThreadPool]: SQL status: SUCCESS 3 in 0.105 seconds
[0m14:39:13.357736 [debug] [ThreadPool]: Re-using an available connection from the pool (formerly list_FINFLOW_SILVER_SILVER, now list_FINFLOW_SILVER_GOLD)
[0m14:39:13.361543 [debug] [ThreadPool]: Using snowflake connection "list_FINFLOW_SILVER_GOLD"
[0m14:39:13.361928 [debug] [ThreadPool]: On list_FINFLOW_SILVER_GOLD: show objects in FINFLOW.SILVER_GOLD
    limit 10000
    

/* {"app": "dbt", "dbt_version": "1.11.11", "profile_name": "dbt_finflow", "target_name": "dev", "connection_name": "list_FINFLOW_SILVER_GOLD"} */;
[0m14:39:13.466021 [debug] [ThreadPool]: SQL status: SUCCESS 0 in 0.104 seconds
[0m14:39:13.467438 [debug] [MainThread]: Sending event: {'category': 'dbt', 'action': 'runnable_timing', 'label': 'bf7bb110-d7f4-4c62-a179-021f8b3ea12a', 'context': [<snowplow_tracker.self_describing_json.SelfDescribingJson object at 0x1075cf210>]}
[0m14:39:13.469992 [debug] [Thread-2 (]: Began running node model.dbt_finflow.stg_transactions
[0m14:39:13.470412 [info ] [Thread-2 (]: 1 of 4 START sql view model SILVER_SILVER.stg_transactions ..................... [RUN]
[0m14:39:13.470994 [debug] [Thread-2 (]: Re-using an available connection from the pool (formerly list_FINFLOW_SILVER_GOLD, now model.dbt_finflow.stg_transactions)
[0m14:39:13.471284 [debug] [Thread-2 (]: Began compiling node model.dbt_finflow.stg_transactions
[0m14:39:13.476960 [debug] [Thread-2 (]: Writing injected SQL for node "model.dbt_finflow.stg_transactions"
[0m14:39:13.477582 [debug] [Thread-2 (]: Began executing node model.dbt_finflow.stg_transactions
[0m14:39:13.498115 [debug] [Thread-2 (]: Writing runtime sql for node "model.dbt_finflow.stg_transactions"
[0m14:39:13.499037 [debug] [Thread-2 (]: Using snowflake connection "model.dbt_finflow.stg_transactions"
[0m14:39:13.499286 [debug] [Thread-2 (]: On model.dbt_finflow.stg_transactions: create or replace   view FINFLOW.SILVER_SILVER.stg_transactions
  
  
  
  
  as (
    -- CTE 1: source — just select from Bronze
-- CTE 2: deduplicate — remove duplicate transaction_ids
-- CTE 3: clean — round amount, cast types
-- Final SELECT — output everything including processed_at

with source as (
    SELECT * from FINFLOW.BRONZE.RAW_TRANSACTIONS
),
deduplicate as (
    select *, ROW_NUMBER() OVER (PARTITION BY TRANSACTION_ID
    ORDER BY (TIMESTAMP) ) AS rn 
    FROM source 
),
final as (
    select TRANSACTION_ID, USER_ID, MERCHANT_ID, ROUND(AMOUNT,2) as Amount, TIMESTAMP,LOCATION,DEVICE_TYPE,IS_FRAUD
    from deduplicate 
    where rn = 1

)

select *, CURRENT_TIMESTAMP() AS processed_at from final
  )
/* {"app": "dbt", "dbt_version": "1.11.11", "profile_name": "dbt_finflow", "target_name": "dev", "node_id": "model.dbt_finflow.stg_transactions"} */;
[0m14:39:13.966192 [debug] [Thread-2 (]: SQL status: SUCCESS 1 in 0.466 seconds
[0m14:39:13.998036 [debug] [Thread-2 (]: Sending event: {'category': 'dbt', 'action': 'run_model', 'label': 'bf7bb110-d7f4-4c62-a179-021f8b3ea12a', 'context': [<snowplow_tracker.self_describing_json.SelfDescribingJson object at 0x1190d6810>]}
[0m14:39:13.998752 [info ] [Thread-2 (]: 1 of 4 OK created sql view model SILVER_SILVER.stg_transactions ................ [[32mSUCCESS 1[0m in 0.53s]
[0m14:39:13.999217 [debug] [Thread-2 (]: Finished running node model.dbt_finflow.stg_transactions
[0m14:39:13.999882 [debug] [Thread-2 (]: Began running node model.dbt_finflow.customer_profiles
[0m14:39:14.000241 [info ] [Thread-2 (]: 2 of 4 START sql table model SILVER_SILVER.customer_profiles ................... [RUN]
[0m14:39:14.000588 [debug] [Thread-2 (]: Re-using an available connection from the pool (formerly model.dbt_finflow.stg_transactions, now model.dbt_finflow.customer_profiles)
[0m14:39:14.000848 [debug] [Thread-2 (]: Began compiling node model.dbt_finflow.customer_profiles
[0m14:39:14.003402 [debug] [Thread-2 (]: Writing injected SQL for node "model.dbt_finflow.customer_profiles"
[0m14:39:14.003972 [debug] [Thread-2 (]: Began executing node model.dbt_finflow.customer_profiles
[0m14:39:14.021848 [debug] [Thread-2 (]: Writing runtime sql for node "model.dbt_finflow.customer_profiles"
[0m14:39:14.022917 [debug] [Thread-2 (]: Using snowflake connection "model.dbt_finflow.customer_profiles"
[0m14:39:14.023203 [debug] [Thread-2 (]: On model.dbt_finflow.customer_profiles: create or replace transient table FINFLOW.SILVER_SILVER.customer_profiles
    
    
    
    as (with step_one as (
    SELECT * from FINFLOW.SILVER_SILVER.stg_transactions
),
final as (
select user_id, count(transaction_id) as Total_Transactions, avg(amount) as Average_Transaction_Amount, max(amount) as max_transaction_amount, 
SUM(case when is_fraud then 1 else 0 END ) as total_fraud_flags, count(distinct merchant_id) as distinct_merchants, COUNT(DISTINCT LOCATION) as distinct_locations , min(timestamp) as first_seen, 
max(timestamp) as last_seen, CURRENT_TIMESTAMP() as processed_at
from step_one
group by user_id
)

select * from final
    )

/* {"app": "dbt", "dbt_version": "1.11.11", "profile_name": "dbt_finflow", "target_name": "dev", "node_id": "model.dbt_finflow.customer_profiles"} */;
[0m14:39:14.868683 [debug] [Thread-2 (]: SQL status: SUCCESS 50 in 0.845 seconds
[0m14:39:14.873196 [debug] [Thread-2 (]: Sending event: {'category': 'dbt', 'action': 'run_model', 'label': 'bf7bb110-d7f4-4c62-a179-021f8b3ea12a', 'context': [<snowplow_tracker.self_describing_json.SelfDescribingJson object at 0x1190b8150>]}
[0m14:39:14.874153 [info ] [Thread-2 (]: 2 of 4 OK created sql table model SILVER_SILVER.customer_profiles .............. [[32mSUCCESS 50[0m in 0.87s]
[0m14:39:14.874902 [debug] [Thread-2 (]: Finished running node model.dbt_finflow.customer_profiles
[0m14:39:14.875421 [debug] [Thread-2 (]: Began running node model.dbt_finflow.merchant_profiles
[0m14:39:14.876165 [info ] [Thread-2 (]: 3 of 4 START sql table model SILVER_SILVER.merchant_profiles ................... [RUN]
[0m14:39:14.876754 [debug] [Thread-2 (]: Re-using an available connection from the pool (formerly model.dbt_finflow.customer_profiles, now model.dbt_finflow.merchant_profiles)
[0m14:39:14.877164 [debug] [Thread-2 (]: Began compiling node model.dbt_finflow.merchant_profiles
[0m14:39:14.881041 [debug] [Thread-2 (]: Writing injected SQL for node "model.dbt_finflow.merchant_profiles"
[0m14:39:14.882927 [debug] [Thread-2 (]: Began executing node model.dbt_finflow.merchant_profiles
[0m14:39:14.886221 [debug] [Thread-2 (]: Writing runtime sql for node "model.dbt_finflow.merchant_profiles"
[0m14:39:14.887624 [debug] [Thread-2 (]: Using snowflake connection "model.dbt_finflow.merchant_profiles"
[0m14:39:14.888611 [debug] [Thread-2 (]: On model.dbt_finflow.merchant_profiles: create or replace transient table FINFLOW.SILVER_SILVER.merchant_profiles
    
    
    
    as (with step_one as (
    SELECT * from FINFLOW.SILVER_SILVER.stg_transactions
),
final as (
   select merchant_id, COUNT(transaction_id) as Total_Transactions, avg(amount) as Average_Transaction_Amount, max(amount) as max_transaction_amount,
    SUM(case when is_fraud then 1 else 0 END ) as total_fraud_flags, count(distinct user_id) as distinct_users, (SUM(case when is_fraud then 1 else 0 end)::float / COUNT(transaction_id)) * 100 as fraud_rate,
    CURRENT_TIMESTAMP() as processed_at
    from step_one
    group by merchant_id    
)

select * from final
    )

/* {"app": "dbt", "dbt_version": "1.11.11", "profile_name": "dbt_finflow", "target_name": "dev", "node_id": "model.dbt_finflow.merchant_profiles"} */;
[0m14:39:15.584466 [debug] [Thread-2 (]: SQL status: SUCCESS 16 in 0.695 seconds
[0m14:39:15.590445 [debug] [Thread-2 (]: Sending event: {'category': 'dbt', 'action': 'run_model', 'label': 'bf7bb110-d7f4-4c62-a179-021f8b3ea12a', 'context': [<snowplow_tracker.self_describing_json.SelfDescribingJson object at 0x12c183e90>]}
[0m14:39:15.591826 [info ] [Thread-2 (]: 3 of 4 OK created sql table model SILVER_SILVER.merchant_profiles .............. [[32mSUCCESS 16[0m in 0.71s]
[0m14:39:15.592664 [debug] [Thread-2 (]: Finished running node model.dbt_finflow.merchant_profiles
[0m14:39:15.593923 [debug] [Thread-2 (]: Began running node model.dbt_finflow.fraud_scores
[0m14:39:15.594658 [info ] [Thread-2 (]: 4 of 4 START sql table model SILVER_GOLD.fraud_scores .......................... [RUN]
[0m14:39:15.595660 [debug] [Thread-2 (]: Re-using an available connection from the pool (formerly model.dbt_finflow.merchant_profiles, now model.dbt_finflow.fraud_scores)
[0m14:39:15.596226 [debug] [Thread-2 (]: Began compiling node model.dbt_finflow.fraud_scores
[0m14:39:15.601929 [debug] [Thread-2 (]: Writing injected SQL for node "model.dbt_finflow.fraud_scores"
[0m14:39:15.602936 [debug] [Thread-2 (]: Began executing node model.dbt_finflow.fraud_scores
[0m14:39:15.606433 [debug] [Thread-2 (]: Writing runtime sql for node "model.dbt_finflow.fraud_scores"
[0m14:39:15.609079 [debug] [Thread-2 (]: Using snowflake connection "model.dbt_finflow.fraud_scores"
[0m14:39:15.609558 [debug] [Thread-2 (]: On model.dbt_finflow.fraud_scores: create or replace transient table FINFLOW.SILVER_GOLD.fraud_scores
    
    
    
    as (with stage as (
    select * from FINFLOW.SILVER_SILVER.stg_transactions
), customer_profile as (

     select * from FINFLOW.SILVER_SILVER.customer_profiles
), merchant_profiles as (

     select * from FINFLOW.SILVER_SILVER.merchant_profiles
), join_final as(
select
    s.transaction_id,
    s.user_id,
    s.merchant_id,
    s.amount,
    s.timestamp,
    s.location,
    s.device_type,
    s.is_fraud,
    cp.total_fraud_flags,
    cp.Average_Transaction_Amount,
    ms.fraud_rate,
    ms.Average_Transaction_Amount as merchant_avg_amount
from stage s
join customer_profile cp on s.user_id = cp.user_id
join merchant_profiles ms on s.merchant_id = ms.merchant_id 
), risk_score as (
    select
        *,
        (CASE WHEN fraud_rate > 50 THEN 40 ELSE 0 END) +
        (CASE WHEN amount > (2 * Average_Transaction_Amount) THEN 25 ELSE 0 END) +
        (CASE WHEN total_fraud_flags > 0 THEN 20 ELSE 0 END) +
        (CASE WHEN amount > 2000 THEN 15 ELSE 0 END) as risk_score
    from join_final
)



SELECT 
    transaction_id,
    user_id,
    merchant_id,
    amount,
    timestamp,
    location,
    device_type,
    is_fraud,
    total_fraud_flags,
    fraud_rate,
    risk_score,
    CASE 
        WHEN risk_score >= 80 THEN 'HIGH'
        WHEN risk_score BETWEEN 40 AND 79 THEN 'MEDIUM'
        ELSE 'LOW'
    END AS risk_label,
    CURRENT_TIMESTAMP() as processed_at
FROM risk_score
    )

/* {"app": "dbt", "dbt_version": "1.11.11", "profile_name": "dbt_finflow", "target_name": "dev", "node_id": "model.dbt_finflow.fraud_scores"} */;
[0m14:39:16.408061 [debug] [Thread-2 (]: SQL status: SUCCESS 687 in 0.798 seconds
[0m14:39:16.413417 [debug] [Thread-2 (]: Sending event: {'category': 'dbt', 'action': 'run_model', 'label': 'bf7bb110-d7f4-4c62-a179-021f8b3ea12a', 'context': [<snowplow_tracker.self_describing_json.SelfDescribingJson object at 0x11cc0fa90>]}
[0m14:39:16.414829 [info ] [Thread-2 (]: 4 of 4 OK created sql table model SILVER_GOLD.fraud_scores ..................... [[32mSUCCESS 687[0m in 0.82s]
[0m14:39:16.415751 [debug] [Thread-2 (]: Finished running node model.dbt_finflow.fraud_scores
[0m14:39:16.417680 [debug] [MainThread]: Connection 'master' was properly closed.
[0m14:39:16.418097 [debug] [MainThread]: Connection 'model.dbt_finflow.fraud_scores' was left open.
[0m14:39:16.418476 [debug] [MainThread]: On model.dbt_finflow.fraud_scores: Close
[0m14:39:16.547409 [info ] [MainThread]: 
[0m14:39:16.548190 [info ] [MainThread]: Finished running 3 table models, 1 view model in 0 hours 0 minutes and 4.49 seconds (4.49s).
[0m14:39:16.549550 [debug] [MainThread]: Command end result
[0m14:39:16.585942 [debug] [MainThread]: Wrote artifact WritableManifest to /Users/parin/Documents/finflow_analytics/dbt_finflow/target/manifest.json
[0m14:39:16.587092 [debug] [MainThread]: Wrote artifact SemanticManifest to /Users/parin/Documents/finflow_analytics/dbt_finflow/target/semantic_manifest.json
[0m14:39:16.590861 [debug] [MainThread]: Wrote artifact RunExecutionResult to /Users/parin/Documents/finflow_analytics/dbt_finflow/target/run_results.json
[0m14:39:16.591065 [info ] [MainThread]: 
[0m14:39:16.591286 [info ] [MainThread]: [32mCompleted successfully[0m
[0m14:39:16.591466 [info ] [MainThread]: 
[0m14:39:16.591671 [info ] [MainThread]: Done. PASS=4 WARN=0 ERROR=0 SKIP=0 NO-OP=0 TOTAL=4
[0m14:39:16.593815 [debug] [MainThread]: Resource report: {"command_name": "run", "command_success": true, "command_wall_clock_time": 5.7943344, "process_in_blocks": "0", "process_kernel_time": 0.36111, "process_mem_max_rss": "222560256", "process_out_blocks": "0", "process_user_time": 1.698211}
[0m14:39:16.594069 [debug] [MainThread]: Command `dbt run` succeeded at 14:39:16.594025 after 5.79 seconds
[0m14:39:16.594286 [debug] [MainThread]: Sending event: {'category': 'dbt', 'action': 'invocation', 'label': 'end', 'context': [<snowplow_tracker.self_describing_json.SelfDescribingJson object at 0x108760990>, <snowplow_tracker.self_describing_json.SelfDescribingJson object at 0x108762090>, <snowplow_tracker.self_describing_json.SelfDescribingJson object at 0x102813ad0>]}
[0m14:39:16.594506 [debug] [MainThread]: Flushing usage events
[0m14:39:16.682714 [debug] [MainThread]: An error was encountered while trying to flush usage events
